surveyDataId;How much do you agree or disagree with the following statements? [Eating out in Dubai is good value for money];How much do you agree or disagree with the following statements? [It is easy to know where to go to eat in Dubai];How much do you agree or disagree with the following statements? [It is easy to find out about new opening/ offerings in the city];How much do you agree or disagree with the following statements? [I am fully aware of the food offerings in my area];How much do you agree or disagree with the following statements? [The quality of food in Dubai is very high];How much do you agree or disagree with the following statements? [Dubai presents a good gastronomy offer for every budget];How much do you agree or disagree with the following statements? [Dubai offers a wide range of cuisines from all over the world];How much do you agree or disagree with the following statements? [It is easy to find quality cafés and restaurants at the right price];How much do you agree or disagree with the following statements? [There is a strong quality restaurant offering for families and children];How much do you agree or disagree with the following statements? [Service level in Dubai is generally world class];How much do you agree or disagree with the following statements? [I can find every cuisine I want in Dubai];How much do you agree or disagree with the following statements? [Dubai offers unique culinary experiences];How much do you agree or disagree with the following statements? [It is easy in Dubai to find authentic Emirati cuisine/ dining experiences];"How much do you agree or disagree with the following statements? [Dubai has a lot of very high quality of home grown F&amp;B outlets / brands]";How much do you agree or disagree with the following statements? [Dubai is strong in regards to sustainability sourced food offering / ingredients / non food wastage initiatives]
87F2484A-7164-4929-9430-E261293FF8EA;null;5;5;5;6;null;6;6;6;6;6;6;6;6;6
56D82174-A1EE-4EB6-B6A2-5A2353A3D42A;8;10;10;10;10;10;10;10;10;10;10;10;null;10;10
362C3CF3-F5B9-4944-A6D9-61C9849871B0;10;10;10;6;10;10;10;10;10;10;10;10;10;10;10
90AC4C56-05DD-4E08-B573-5931066593F1;9;9;10;9;10;10;10;10;10;10;10;10;10;10;10
95203280-B1AA-4A03-B37E-84F3EF124F89;null;10;10;10;7;8;9;10;10;10;10;7;7;8;8
85659A7C-F6DD-49C2-99BF-B2CF10492BDA;5;8;8;8;6;5;8;6;null;4;6;2;6;3;2
3DFF7EEC-C89D-40AC-9EE1-B8F94C2B0B20;5;5;5;5;4;2;null;5;3;3;4;6;2;4;3
1489C575-85C6-4396-8996-D66514E3D50A;4;3;4;2;2;2;7;4;5;6;3;5;5;5;4
03BD3E4D-B3E6-42BF-841E-2A0701952506;7;8;7;9;8;7;10;9;8;8;9;9;8;8;8
ECEE959F-72EE-4DEE-83D9-4147057E007D;7;7;6;7;9;7;9;9;7;3;7;6;5;9;9
EB91FE0B-626D-4F96-B856-761FBB3A2B24;8;8;8;8;7;7;8;8;8;8;8;8;7;8;8
B8817D74-F7E0-4C62-9F90-0B9E4C2CE4C2;10;8;9;10;10;10;10;10;9;9;10;10;10;10;10
25477DE0-3B09-4774-B2DE-01079F0E340F;10;10;null;null;10;10;10;10;10;10;10;10;10;null;10
5E45D94E-9874-40C2-94F8-03286A660B21;7;8;8;6;7;8;7;8;7;9;7;7;8;7;8
D816119B-F19D-4815-8354-0ECEA64B05D2;5;5;6;7;6;6;8;8;9;7;7;8;7;5;6
F8305E68-2596-4254-9D27-9FEFF4BD9ACC;7;8;9;9;9;9;10;10;8;8;10;10;10;10;10
8793EFFB-927C-4497-926B-8BD088D9074E;5;5;10;null;null;null;null;null;null;null;null;null;null;null;null
FBFF0C1D-895A-4DDB-B92B-C7657172CBC2;1;2;null;5;5;5;5;5;5;5;7;7;7;7;7
26D0B4A6-0C02-4013-AE35-C90D0A435813;2;2;2;2;4;1;null;null;null;3;5;6;2;5;3
F72C34DD-766B-4274-8675-63768D4631DE;4;1;1;1;1;1;7;null;null;2;2;null;null;3;3
AD5FBB6E-E275-4A6F-9E0F-418BB0CB4F64;4;4;4;8;7;4;8;8;8;8;8;8;8;9;9
241EB40D-4001-4381-84E0-C02F8DF13DE5;null;3;6;2;3;2;3;3;4;6;6;6;7;8;8
C21478BD-AF05-4E80-A591-2EEC6294AC59;5;5;5;5;5;5;5;5;5;5;5;5;5;5;5
A550DA8B-31DC-4211-ACF0-EF5FD42D8869;4;4;6;5;5;5;5;6;6;6;6;6;6;5;6
81020315-2DC7-4451-AA9F-5A4A9B2777CA;5;7;6;6;5;3;9;7;10;10;5;6;5;3;4
DB2CB159-EA08-4910-B28E-428919A74D07;3;4;5;5;4;null;1;2;7;7;3;9;10;2;7
565461F1-AA65-416F-9F51-B9B4C1A50794;7;8;6;6;8;10;9;10;8;9;10;10;6;10;10
50E8D46F-5643-470F-A076-F5DE1578F1A9;5;5;5;7;8;10;10;9;8;9;9;6;4;2;2
B9F4E892-831C-4822-BD8F-4CF44FB4053D;4;8;5;2;6;null;null;null;null;null;null;5;null;null;null
CE5A42F3-9472-4754-B198-8FF51AC5A1B9;8;8;8;null;8;8;6;9;8;8;7;8;7;7;7
44B7D6FE-B95A-40CC-9AAD-29D33BE6173E;5;6;6;7;6;7;7;7;7;9;8;6;6;8;9
585B0969-E0E6-4F84-B998-91C31DAEC3B6;5;5;5;null;5;4;5;6;6;6;7;6;6;7;3
5D08C4BB-861E-471E-8A70-1ACC58D2635A;7;8;4;5;8;7;9;8;8;8;8;8;8;8;7
0B00FC48-3730-4589-A3BC-6598B4FC2A78;4;6;4;2;6;10;10;6;6;10;10;10;5;null;null
16370194-9594-4C26-B55B-8D438F97DF14;5;7;7;7;7;8;10;8;6;5;9;5;5;6;7
72E89896-849B-4D38-A222-F5D33A06707E;7;8;7;5;8;8;8;9;8;8;8;8;null;null;null
72AB5FD6-D395-4D5B-BBF9-491938B4B289;3;5;8;7;8;8;9;6;8;5;9;9;null;6;3
A01F7BB0-88F6-46AF-B717-AB0B27746A23;7;7;6;8;9;9;7;9;9;9;8;6;7;8;8
A03BF4C1-0504-4F25-8364-B9CC4DACA1BE;2;6;7;3;3;7;7;5;5;7;6;5;null;null;3
DE4AB3CD-D4B4-4D8B-A106-050385043B71;6;8;9;9;7;null;5;5;4;8;7;6;null;4;3
2B590D01-C87A-4549-ADFE-041DAF9D89AA;6;9;7;2;5;10;10;6;10;10;10;6;6;9;9
3BA84D8C-1122-42E0-B03C-30BDCFDAC4A7;5;10;10;10;10;5;10;8;5;7;9;10;10;10;10
0A92E2EF-5441-4301-86D1-DAEED5F52E2C;2;7;7;7;7;7;6;6;7;7;7;7;7;6;8
B4072E83-34B3-4B05-B745-3B18AF711F79;6;6;6;6;6;6;6;6;6;6;1;6;6;6;6
62932D20-F311-4D17-80E0-2B2D6797576F;4;5;8;8;5;4;8;3;null;4;6;8;4;4;2
BCFA35E3-074C-45E4-898B-1D253F94C7A5;4;4;7;6;7;9;10;5;null;10;10;10;5;5;1
5201E95B-6E0B-49CC-BDFF-C47B1ECAEC9A;6;7;7;7;6;9;10;5;6;6;10;6;9;5;5
E6CC6A05-54DF-4BA8-B4A5-F8F63C109541;6;4;5;8;6;7;10;6;4;6;9;4;1;2;1
D0253E7A-A914-45A9-9CEB-4F7FB5002DA8;6;7;6;9;8;9;9;8;9;7;7;8;5;8;8
79E81825-116E-4CD8-A426-D1A6D27349FE;7;9;9;6;6;8;6;7;7;8;9;9;9;8;7
752432DE-6BCD-40A3-8020-BB19678770CD;6;8;8;7;8;8;8;7;9;7;8;8;5;7;7
C050EE2F-4AB9-4C80-8FA6-6BFBDDD9A92E;6;6;8;3;8;7;7;7;7;7;8;8;7;7;8
A77C4662-10F7-43BB-80A6-A15FF877BC21;5;4;4;4;7;7;7;7;7;7;7;7;7;7;7
B2532243-807F-4C45-8ACD-22F15E8A6153;8;5;6;6;5;5;8;8;6;3;6;4;1;3;3
3A0BB2A3-6B4D-4AE6-90AF-22209E40EFC1;10;10;10;10;10;10;10;10;10;10;10;10;10;10;10
21910B49-A4A0-4C0C-B87C-49D3555A4B28;6;8;8;7;7;7;8;8;8;9;8;8;5;7;4
665CC07F-950C-4DA6-9587-ECE0097E5E7B;4;7;8;8;8;8;8;8;8;7;9;8;8;8;8
39B5860F-9BC1-4494-B85F-C066A5CDEB4D;null;3;6;6;9;10;10;6;6;9;10;6;1;3;3
55A00D8B-C364-4CD8-9788-FE3D8F5AD7FE;6;7;7;null;8;8;8;8;8;8;8;8;8;8;8
FB81B823-97F8-405E-931F-3C5D83EEDC2A;null;null;null;1;1;1;1;1;6;5;5;1;6;5;1
7DE0CF6E-591E-4181-B92E-54A54B86B692;3;7;7;7;8;8;8;6;6;8;7;7;5;5;4
F22F31D0-ECF4-4234-8F66-99FDC8ADCC8E;5;4;8;9;10;8;10;9;9;9;9;5;8;7;8
1537F06B-1B38-4FB6-A405-3E780B85A3A3;7;9;6;7;7;6;7;7;6;7;7;5;6;6;6
48FCB40F-ACB9-44B7-90E6-671FFD03B3FA;4;9;6;3;10;10;10;10;10;10;10;10;10;10;10
D0A7A025-8E1A-48CC-9DC5-5D82F4281BCF;1;10;10;10;10;10;10;10;10;10;10;10;10;10;10
659164F8-2D37-4BC6-AF2C-3558B53530C7;10;9;10;10;10;10;10;10;10;10;10;10;10;10;10
2C584431-E802-4FCA-8F8A-8743871CD3F0;5;5;5;5;5;5;5;5;5;5;5;5;5;5;5
A56693CE-BCDA-4446-9126-1E2E8C7475BF;3;3;4;3;4;4;6;4;4;4;5;5;4;3;4
1DD404FD-B7A3-4F59-93D0-8CBB7F56B5D6;6;9;9;10;10;8;10;10;10;10;10;8;9;9;8
CFE2D70E-3061-4200-89EB-237199460D47;4;6;6;6;6;6;6;6;6;6;6;6;6;6;6
FDC3A2F3-3EB1-4460-9622-C51285366C34;4;9;9;9;8;10;10;10;10;9;9;8;10;8;6
7609DBB7-1876-41C1-98C2-98A310A7916D;7;7;7;7;7;7;7;7;7;7;7;7;7;7;7
0054E5AA-7F27-47EA-8D38-E6EFF540225A;4;4;4;4;4;4;4;4;4;4;4;4;4;4;4
BF55571B-EE9B-4B14-9D1C-EBCB539ED318;7;8;4;6;9;7;8;8;9;10;9;7;5;4;4
2FA54573-99C3-4349-A827-91841B86BB2F;2;1;2;4;3;4;4;4;4;5;4;4;4;4;4
42C35505-B05C-4D66-8921-C65B26C00100;10;10;10;10;10;10;10;10;10;10;10;10;10;10;10
C95EC8BA-D382-403D-953A-0B63F9786A09;null;10;10;4;10;10;7;10;10;10;10;10;10;10;10
BFCA53D7-E1C8-4059-92D4-C28C0C9F9C93;3;2;null;null;3;2;null;10;10;10;7;5;10;5;9
CCF4E0A9-27E9-4ED7-B767-041465F9C679;6;6;6;6;6;7;6;7;6;8;6;8;6;6;4
E214EB83-A65A-43E7-95FD-98B3A8B5E0D8;9;9;9;9;9;9;9;9;9;9;9;9;9;9;9
027E5581-5289-45E3-8365-73202C649FC3;6;7;7;7;8;6;6;5;6;8;8;7;6;5;5
17D46A6B-FAB0-4F9F-8DA4-99BE3D8EC90F;5;6;6;6;8;5;7;6;6;8;8;6;5;4;5
492C5F38-3486-47B8-A562-F870E15AF9B3;4;5;5;5;6;7;5;5;5;5;5;5;5;5;5
899A6E00-F6F3-4F77-B616-F9764345A75E;9;9;10;8;9;9;5;9;9;9;8;9;8;9;8
1FCE4D90-C289-46E5-BAB2-617B57177681;4;4;4;4;4;4;4;4;4;4;4;4;4;4;4
1AF18DC7-1500-42BA-92DA-B262C5E5C9F6;7;8;7;5;6;7;5;6;7;7;6;7;6;6;7
4CDA432E-2A0C-45EF-8422-B3D2AAF37367;5;9;9;4;8;8;10;10;9;9;9;10;10;9;9
55BD809E-87F1-46C3-B70F-08FA09D96FEE;1;10;null;10;9;10;10;7;10;8;10;10;9;10;9
04B0EF12-245E-40C5-BD47-DA4CDAB3AE1C;1;6;3;1;10;9;7;9;10;10;7;10;6;10;10
5912DC00-607A-4488-8150-2B82160B58CA;2;3;3;3;5;5;6;3;3;5;6;7;5;5;8
FC699418-C9D5-49D2-A4C6-928E7FBDE646;7;10;9;8;6;4;10;null;7;10;10;10;10;5;10
58D97F16-C283-41F6-A9C1-4CFA632AC955;7;7;5;6;8;8;7;7;9;7;7;6;3;3;3
904A16A6-C788-468D-9A17-0DB957C0C78E;4;5;5;5;4;5;5;7;7;8;7;7;8;7;8
6612D82B-6BB7-40A7-83B4-4FA275A3BC5E;10;10;10;10;10;10;10;10;10;10;10;10;10;10;10
2E5C097E-BEE6-4E85-9506-37C6E1FE1EB7;8;8;7;7;8;8;9;9;9;8;9;9;8;9;9
D40E7DD6-D39E-4CAE-B6F4-6D5B1414DEBB;1;8;8;2;10;8;8;8;8;9;9;9;8;8;8
49ADAAC1-E8F2-475C-9CB1-6811E1CE352D;8;8;6;8;8;10;10;10;10;8;9;10;7;9;10
DDFCF570-15BC-4151-A7E0-5EF98683D666;8;8;8;8;8;8;8;8;8;8;8;8;8;8;8
D8A6B8BB-9C38-4084-A6B4-FAF4A9E68CE2;null;7;null;7;7;null;10;4;4;10;10;10;null;10;null
15AD7C99-6B5C-426D-A5F1-BFBE9158AFE0;7;10;10;8;9;null;10;6;5;8;10;9;9;3;5
EE44241C-9842-4A75-96B2-91F19A065FFB;6;6;8;1;6;6;9;9;9;9;9;9;10;9;9
6382A680-177D-4155-81D9-C1885CB07F41;9;9;7;8;10;9;10;9;null;10;9;10;10;10;10
A8B79F0F-F78E-47D3-8C98-295CC3F6AC59;3;7;10;10;9;6;10;7;7;2;5;7;7;8;8
2375B9FF-360E-4FE3-91D2-4F69C30DEA00;7;2;9;4;5;10;9;8;9;7;8;8;9;9;4
92D0CAB5-E39F-4EA7-B59C-426B83E28F2D;10;10;10;6;10;7;9;10;10;10;10;10;10;10;10
CD938120-5DD7-4164-A64A-43E2005734D3;7;7;7;7;7;7;7;7;7;7;7;7;7;7;7
19C08016-EA9C-4E0F-B629-6017446F9B58;4;10;10;10;10;10;10;10;10;10;10;10;10;10;10
CCAD91C1-2E22-4FBD-A161-93EE0D931471;4;4;10;10;10;10;10;7;10;10;10;10;8;10;9
EB48DA64-0367-4DF2-BE0B-4F38EC2FAB10;4;7;5;3;10;7;8;8;8;8;7;6;8;6;7
D0D74902-AF00-4D27-B022-68E4FE557B86;5;6;7;6;4;5;6;4;6;8;8;9;9;8;9
C2D797ED-F287-487D-8598-CEC5F14EA120;8;8;8;8;8;8;7;7;9;8;8;9;8;9;8
A0C1711F-E7F9-4E06-9FB0-7A04E8DCAAAE;4;6;3;4;5;6;8;5;5;5;7;5;5;5;5
C9629C73-6FED-48C3-BFA1-BF401238A5CC;7;7;6;6;6;7;7;7;7;8;8;8;8;7;8
BF4FC3A0-51C5-403A-BBE7-AAE080E686BA;8;8;7;8;8;8;8;8;10;9;10;10;10;10;10
009DC00B-0898-49FF-B93A-A1D29FE3D8EB;4;7;6;5;5;5;8;5;5;5;5;4;5;4;3
981714B5-B389-4A7C-981C-85DBCF2CFB86;5;5;5;7;7;5;5;5;6;6;6;6;6;9;4
3D7BF3D1-0932-441E-ABBB-AF67531F686F;4;10;7;6;9;7;6;6;5;8;8;7;7;10;10
F909CF78-1858-45F1-ACDE-B951BA284EC1;7;8;6;7;7;8;9;8;7;6;9;9;3;5;5
2E0B0985-A90B-41E2-AD8D-B9B546440296;5;7;5;5;8;5;8;6;4;8;8;8;8;6;6
333A712C-FEEB-46B2-8A4B-769D194AD5BE;10;10;null;null;null;null;null;null;10;10;null;null;null;null;null
68651ECD-32F3-4D3B-B74B-9C8C5899F7F1;null;null;null;null;2;1;null;null;null;null;null;null;null;null;null
6F1715B7-8AF4-4589-B172-6CE07AF4FF4F;null;1;3;1;1;1;1;1;2;null;null;null;null;null;null
29BCC603-275F-4B75-8AD3-7DB552F8FF01;3;2;3;3;3;3;3;4;4;3;4;4;4;4;4
360671B2-7454-4EA1-8487-18F151BBBF5A;10;10;10;10;10;10;10;10;10;10;10;10;10;10;10
3273D81A-E9E2-4684-8E42-4A28A6CF9124;10;10;10;10;10;10;10;10;10;10;10;10;10;10;10
220080EA-B6EB-413E-B3F4-41FEF4393297;6;8;9;6;7;5;7;7;7;6;6;6;8;8;8
9A11167F-F3AC-457A-AD91-FEC542A2C2FB;4;10;4;4;10;2;3;3;3;3;3;3;3;3;3
6F439367-9F6D-48A2-ADEA-976FAFD5A73E;4;4;4;5;5;4;4;4;4;4;4;4;4;4;4
03F950CA-8BFF-4997-94DE-06DCA23D99BE;7;7;7;7;7;7;7;7;7;7;7;7;7;7;7
F93DD7BD-A2C5-4781-8FEC-9358C4E38221;7;7;9;6;5;4;10;4;6;10;9;10;10;10;2
6EAF81DB-DDA9-47A3-8CD5-24335F6BA032;3;5;7;7;7;7;7;7;7;6;6;6;5;5;5
0A0F0D1D-5949-4F68-8C73-AFA2143CEA75;4;5;7;6;7;6;6;6;6;6;5;4;5;5;3
E22F6597-DEEF-40A3-B7C9-89CB82E4F78D;5;10;10;10;9;10;10;10;10;10;10;10;10;10;10
302089F2-9288-4290-ABBE-F69014C99B37;5;10;10;10;10;10;10;10;10;10;10;10;10;10;9
1CBF70A3-90FA-46F8-97A6-309C5DAEAECF;8;10;8;8;9;10;10;9;9;8;null;10;10;10;9
2A59C716-E90A-4A0A-A9FE-59C7CD93E06B;5;6;8;7;7;8;10;6;6;2;9;7;8;6;6
31EC14F5-2792-44F9-8103-B8C87ADEAD34;10;10;10;10;10;10;10;10;10;10;10;10;10;10;10
0DB5E6FF-57F4-479A-8E60-DD85FC42F827;1;3;1;2;2;2;2;null;1;1;1;1;1;1;2
489E2594-F3F2-4707-A43F-49F871C92661;1;3;5;2;3;1;1;1;3;null;5;3;2;3;2
E741837F-529D-4180-BC58-B2D58D4A64F0;10;7;6;10;8;10;8;10;10;6;5;7;6;8;10
10CC3177-2B00-496E-A837-E55082B70B55;10;10;10;8;9;8;8;8;8;10;10;10;10;9;10
ABA0E710-A01C-46CF-AA93-15CE1C449B2A;5;4;8;6;8;8;8;9;8;7;8;9;9;8;8
67D70B98-388A-491B-94B5-CCF0AB837009;10;3;5;5;8;8;8;7;7;7;7;10;10;10;9
F5EE4723-6A1C-4FEF-9317-96C12BB5F94C;10;10;8;8;6;6;6;6;8;6;10;10;10;10;5
DE1A92DA-900A-4050-952D-667841EFA6FE;10;10;10;7;10;10;10;10;10;10;10;10;10;9;10
76CD96C0-F522-4031-861B-CC0DB2C18E91;10;10;10;10;10;10;10;10;10;10;10;10;10;10;10
27E7A79C-A61B-48F2-A506-A8B41CFDC5F3;6;6;4;5;10;10;10;10;10;10;5;10;10;5;5
C9FEEEA5-D24C-4BF9-8200-CF2B4369244B;8;8;8;8;8;8;8;8;8;7;7;7;1;8;8
4D4FBAA7-4A74-486B-B63C-B5B055D55B61;7;7;7;7;7;7;7;7;7;7;7;7;7;7;7
511BF13F-5C26-4149-B6C0-C3402B4C69DF;4;4;4;4;4;4;4;4;4;4;4;4;4;4;4
F7ECFFB7-0A4E-40D9-BB05-4EAAA7D3026A;4;5;5;5;4;4;4;4;5;5;5;5;4;4;7
4054D24E-DAFC-40A6-A38E-9510016E2307;8;6;5;9;9;7;9;8;8;9;9;9;9;9;9
11908282-B413-41EB-A009-350B7372A906;2;4;8;2;7;2;4;4;4;4;4;4;4;2;1
FDEC9FE4-1125-4FB4-A59D-723B4AF974D1;null;1;null;5;null;3;5;null;null;null;null;null;10;10;10
6A6A47D3-7E70-4DA4-B812-BF2DE733A9FA;5;5;5;5;5;5;5;5;5;5;5;5;5;5;5
85D671E2-F38E-4469-802A-E226CE15045F;null;null;1;2;4;5;null;1;4;10;10;3;null;3;9
1DC9CB66-DE68-47C1-B9DB-C86958EA0B92;10;10;6;8;7;9;4;6;4;7;5;7;9;9;9
44DE372F-875C-497B-9587-291B355469A6;10;8;8;8;9;8;9;8;6;6;7;5;7;8;9
D3F7CBA7-46B0-4BFC-B7AD-84C849E5EE97;4;9;9;4;2;4;8;6;4;8;9;9;10;10;10
7924A1C1-F191-43EB-9C62-DEF743EAC269;8;8;9;9;9;7;10;9;9;9;2;6;null;2;4
4C4C1397-E593-43FA-AFA3-273CA629D0F4;null;null;6;6;null;2;2;2;7;7;6;6;6;5;5
F6E0C9F0-1871-49D6-BCCD-B51D260E4C13;10;10;8;7;9;9;9;8;9;10;9;9;9;10;10
03E5E184-F093-4333-BA72-4BC82149E268;8;7;5;6;1;10;7;7;6;8;5;6;10;10;4
9656463C-378B-469A-9F7C-5FBFE9D27ACC;10;10;10;10;10;10;10;10;10;10;10;10;10;10;10
FE85D9CA-B93D-4DFA-BE15-0B1D1C7F8E43;3;3;3;3;5;3;4;4;5;3;2;4;3;7;8
110B337A-BB0B-4638-BAD2-8D7E15CCB88E;4;9;5;3;5;9;6;9;9;9;9;9;9;9;10
CE4009EE-6FC4-44D8-8618-E4F32826DD79;3;6;6;3;1;10;6;7;9;6;7;7;7;4;5
0CB9525B-3719-4228-8F68-AAD297BCAFFB;7;9;7;9;7;5;9;7;9;7;9;9;9;9;9
46A6B554-E236-4683-8978-CBA1943710B5;5;10;4;null;6;4;6;8;5;5;5;6;4;3;3
33E73DA4-B899-49FD-BDB3-DCD41AFFE0C8;10;10;7;8;8;8;6;7;6;5;5;4;5;5;5
4C30DE14-5A17-412D-8D21-B9A6D91E78C4;4;2;4;5;3;5;5;10;8;6;5;5;5;5;5
2BBD8EBD-FD91-4E10-B04E-50BA9AAF26B8;9;9;10;9;9;10;9;9;9;9;9;9;8;8;8
1963C247-6D51-4776-9955-484F2890CFE5;10;10;10;10;10;10;10;10;10;10;10;10;10;10;10
2354E807-C4B4-4CA5-BA10-AD3E266E749F;10;10;7;9;8;6;8;6;8;10;10;9;7;6;5
EABB87FC-DC3F-4D68-AF6C-41D5A1558550;3;4;8;6;7;8;9;7;8;9;9;9;5;8;8
768D5769-31CB-4B04-AA10-E422991C09C4;5;9;8;9;10;10;5;10;10;10;10;10;10;10;10
AF375FDB-B046-4596-8412-CF939FD06DE2;7;6;7;6;7;7;5;7;7;6;7;6;7;7;7
AAE51F41-C271-4DB0-A212-FD3A698795F5;6;6;9;4;5;4;4;7;6;6;7;2;6;7;5
3E4261D8-6EE6-47F3-BC11-852966FEADCB;3;4;3;3;3;5;4;3;3;3;6;3;3;3;4
7B0CBF79-6CCB-45F0-BC94-7881123F0EE9;2;5;3;2;4;6;9;9;9;7;10;9;8;5;6
4FFD5E9F-C338-4928-A0B4-C7A0D6D17657;10;4;10;8;5;5;3;5;10;10;10;9;10;10;10
D73F0305-ABC2-4431-8B3B-F13DA96F3592;5;5;5;5;5;5;5;5;5;5;5;5;5;5;5
518490F1-3DC8-4D88-BB36-7A522F61C55D;3;9;8;4;4;6;10;8;7;7;7;8;8;8;8
D7C82EB6-32F9-4840-94C3-B5710C694216;1;3;4;4;3;2;3;3;5;3;4;8;6;7;6
8A9BC266-A4E4-4659-9896-F272F171A1AC;10;10;10;10;10;6;10;10;10;7;10;6;7;8;7
762A05A3-9E30-4E3C-9CED-E692F1A958E2;5;8;6;9;6;5;7;9;7;7;6;6;5;null;6
F0EFAD19-9360-479B-B341-07650F2D583C;1;5;10;8;9;5;6;5;8;10;7;8;10;10;7
FB913B34-2CAD-4CAB-98CC-32C5808920F3;10;10;10;10;10;9;7;8;10;8;10;9;8;10;9
89CA827C-993F-4547-A581-D4BAF881FD5B;8;5;7;8;7;8;9;6;5;6;4;8;7;5;7
7EC3DC97-E277-40B8-A872-B0F3B8D27278;6;7;6;4;6;8;6;8;6;7;4;6;4;6;3
1BD0BA40-D8A4-49AF-91F4-7AC352202527;4;5;3;5;3;4;6;9;4;4;4;5;4;6;9
6B770D14-5332-44E2-9C76-7B3435991914;8;7;7;5;8;8;9;7;null;7;null;9;null;null;null
5318F51E-F014-439D-963E-9088A2A730DA;9;8;8;8;8;8;8;8;8;8;8;8;8;8;8
1152BED1-2DD5-4814-8F39-1DB951F31923;5;5;5;4;4;5;6;6;6;5;5;5;6;6;4
49D91BD5-8844-4422-8CD3-9D5BC2B69F2D;10;10;10;10;10;10;10;10;10;10;10;10;10;10;10
4A76B428-3A5D-4B9F-9B66-7C95596497F7;7;9;7;7;8;8;8;8;8;8;8;8;8;8;8
AFDD7AFA-C9B4-4DF2-9534-A773C96EFFFE;7;7;6;8;8;8;8;8;8;8;9;9;9;8;8
883FA3DC-236C-46C8-AB54-C489E13B590F;null;10;10;10;10;10;10;10;10;10;10;10;10;10;10
4504C795-BAB5-435F-B503-01283185568D;5;10;10;4;10;10;10;10;10;10;10;10;10;10;10
1D3FF0C9-4B68-4202-A5B6-1F172024410E;4;6;6;6;7;7;8;9;9;9;9;9;5;9;9
E3E56712-1FA3-4DF2-A143-33DFD725E3C7;5;10;10;7;9;7;9;10;8;9;10;8;7;8;7
85AC2B49-EA56-46D2-81DE-61F49F1D4CE5;8;8;6;6;4;8;8;8;8;8;9;10;9;10;10
66631499-9537-459C-87B7-88FD373B1EF0;8;8;4;4;8;7;9;8;8;9;8;8;8;8;8
6AFF4868-3D90-42E4-AD80-30F3F9D3C1D6;6;5;3;3;7;6;6;6;6;6;6;6;6;6;7
645F6AD5-5521-4870-B250-9F8C521FE53C;2;10;10;10;10;3;10;4;9;9;9;9;1;3;4
AF7EF0F5-9D38-414C-8075-6B6701F8C7F3;10;10;10;null;9;10;10;10;10;10;10;10;10;5;10
C2B10FDF-A667-4CAD-9CFB-D559FC526FD5;2;2;2;2;2;2;2;2;2;2;2;2;2;2;2
8878FF74-57A7-4E93-AF47-2957403776DE;6;6;6;6;6;6;6;6;6;6;6;6;6;6;1
24D74DC4-64C9-4799-8A11-0B2F89BCCAA5;7;7;6;6;8;6;5;5;5;5;5;5;5;5;5
539311AA-F595-4956-A522-518B8A3C15D6;3;2;7;3;8;4;9;10;10;5;9;9;2;8;1
49C90D4B-4EFC-48E4-BFAE-4CE831E27E07;5;7;4;9;7;10;10;8;10;9;10;7;6;10;10
13C0E237-E46E-4C9A-A1E3-3CE832AE0C61;10;10;10;5;5;5;10;10;10;10;10;10;8;10;10
0D506FAD-42B4-4986-B51F-186363BC8E7E;4;4;4;4;4;4;4;4;4;4;4;4;4;4;4
486F9322-0423-4C33-A383-3291813FECBC;10;10;10;6;10;10;10;10;10;10;10;10;10;10;10
DD3D666C-8D1C-493F-8BC8-D20693F369FA;8;8;8;8;8;8;8;9;9;9;9;9;9;9;9
EB46B6A1-1FA4-4377-BED8-5E3DD9C39D5B;6;7;8;7;8;8;8;8;7;8;8;9;9;9;9
D6757776-A5C8-421F-8C86-FF23E0167A01;6;6;6;6;6;6;6;6;6;6;6;6;6;6;6
259A9615-4A9E-4AA6-AD49-73E73C5F0CF0;4;5;5;5;4;5;5;5;6;5;6;6;5;6;6
27469558-273E-4767-8899-050CE7B156F7;4;5;4;2;3;1;2;3;1;2;2;1;2;2;null
AAF7B154-7D18-4D96-B32D-B68F2959D7EC;1;4;6;4;10;7;10;7;5;3;4;5;10;6;8
A4EF115E-9BC6-45A8-AF2D-A3129E8DCD7D;8;8;8;8;8;8;8;8;8;8;8;8;8;8;8
AA7CD78E-B734-4C27-9C59-FDA5F63FC121;2;8;1;4;10;10;10;9;8;10;10;10;10;10;10
B63075D2-D50D-4EBB-B018-15E2B6C71219;null;1;null;1;4;null;4;5;3;5;4;5;5;4;5
5E434484-762D-4CD8-A6F8-7258A3D28E43;null;3;2;3;4;6;5;5;6;5;3;6;7;3;5
A3092EA0-DC38-446A-9B89-3D485E7EA804;6;8;8;7;9;8;7;8;8;8;8;8;8;8;8
836B82B0-4F64-47C4-A142-29C974271106;5;5;5;7;5;6;7;7;7;6;7;7;7;7;7
899CB025-14EB-4278-AF76-EF74B001FEF5;9;10;8;6;10;10;10;10;10;10;10;9;9;9;10
EAA6E7EE-2B7A-44E7-AE72-7F94F4656C37;10;10;10;10;10;9;10;10;10;10;10;10;10;10;9
01F6D2A0-152A-4A2F-8539-4F67627D2818;4;4;4;4;4;4;4;4;4;4;4;4;4;4;4
2F59AE75-3198-4391-A6E4-5B9E47E643C3;7;5;5;3;2;7;7;5;5;3;6;7;8;1;8
249B9240-91A3-4B5E-B0E4-C982589A98F4;6;4;6;7;6;3;3;5;5;6;6;6;5;6;6
2558D617-7713-4856-AC8D-987F36DA2D47;1;2;2;2;3;2;10;6;6;5;5;5;4;5;8
907892DE-F870-4863-BADF-CC6D133716FF;3;6;5;5;7;5;5;4;4;5;5;5;5;5;4
4751280B-007C-4AB3-949E-AC941C8FD845;10;10;10;10;10;10;10;10;10;10;10;10;10;10;10
EAA87F57-35E9-4474-AC24-854A32F82E6C;null;8;7;2;4;2;6;7;4;8;7;7;7;7;8
10048FAD-CEA3-45ED-A1D1-09133EA382A5;7;9;9;7;8;7;8;6;8;8;8;6;9;9;9
8C3E40D4-F2BF-4E0E-9364-A02D988F4DEF;null;1;2;3;4;5;6;7;8;9;10;9;7;5;3
8BA2A0F8-5B21-48EB-8071-F002AA0CB929;3;3;4;3;3;5;6;6;7;5;5;4;3;3;3
73B164BC-E6D4-4384-A02D-0227C3DFAB9D;8;8;7;6;5;4;3;3;4;5;6;7;8;8;7
C228DCB6-7662-4423-82E7-851AC4B346E1;3;4;2;7;4;7;5;7;4;7;4;3;1;6;7
F1F2DF14-A958-4DD3-9B84-10A7D33D4127;1;1;null;1;4;3;2;1;3;5;1;4;1;1;1
D69AAC63-DA95-45A1-8E12-60F9BF60C494;7;6;4;4;5;3;8;6;6;8;7;7;7;6;5
B837790D-8472-481C-90E2-FE2BFECA7C91;8;7;4;7;7;6;8;7;8;9;7;7;6;9;9
A468C0F7-33EB-4127-BE99-4F8AC2B49DCE;8;7;7;8;8;8;9;8;8;8;7;8;8;6;3
D7319294-29AC-4827-B558-5A190629FF0C;4;8;7;8;8;7;8;7;8;7;8;8;8;9;8
350476A6-8083-4AF5-8070-8B2F61BF146D;1;10;5;6;6;4;10;3;8;5;10;6;7;8;7
3DF877E3-DAEF-4D93-9990-58D48A7AAD94;6;6;5;5;6;3;3;6;7;7;7;7;7;7;7
661CB8E0-D47B-4803-A5BA-78E86A49CBD8;null;null;8;null;null;3;null;2;1;null;null;null;null;4;6
B38F374F-3C3B-4AB7-814F-FBF62C45DFBD;null;8;8;5;4;5;8;8;8;9;9;9;9;8;8
ABD6D619-06F8-4A37-845F-F8DCD360B642;7;9;10;10;6;8;10;10;10;8;10;10;10;10;8
9120AE3C-7D1C-431D-B3F6-19530868526E;5;10;3;10;10;10;10;10;10;10;10;10;10;10;10
5D7C2092-E108-45C3-B5A0-CC4C57B26068;10;10;10;10;10;10;10;10;10;10;10;10;10;10;10
2DD3B023-2A50-4AA6-AA8E-F4AE4F410913;9;4;2;2;5;9;10;9;5;6;10;10;10;10;10
00AF55A1-C8E8-4B77-A71C-DAE6BC8ED2D6;7;8;8;7;7;7;8;7;7;7;8;7;6;6;6
8527D994-21C8-4EC7-A31D-A02E6F82D4A4;6;7;7;7;8;7;8;7;8;8;7;8;7;7;7
9B933B21-ECC9-4EC8-AD00-CD2798ABBFEE;10;7;7;10;10;10;10;10;10;10;10;10;10;8;8
2C2FC116-F09E-4BE3-B0F6-76BD92A5BEE8;9;9;9;9;9;9;9;9;9;9;9;9;9;9;9
7DB5ABED-8020-4D5F-A503-CA251E06709C;8;7;7;8;6;6;7;7;7;6;5;6;6;6;6
F61AC475-39B7-45BE-BACA-56C24BF5A6B6;null;10;10;5;10;10;10;10;10;10;10;9;9;10;10
CEA7F9F5-4388-4857-A281-E505B48C0020;5;6;6;8;9;7;10;8;9;6;9;7;9;7;9
7B878050-672F-4D24-9883-84826C866DC4;9;9;9;5;7;8;8;8;8;7;7;7;7;7;8
7A268F1E-6070-4BFE-A39D-0B8C7A7EC429;10;10;10;10;10;10;10;10;9;10;10;10;10;10;10
C5750659-D07D-45DA-BF51-49645B66F1C4;9;10;10;10;10;10;10;9;10;10;10;8;7;10;10
C0813A99-5058-4536-B114-964796037694;10;10;10;10;10;10;10;10;10;10;10;10;10;10;10
7AB8A67F-1642-4E77-B0C0-C32EA8321FA0;10;10;10;10;10;10;10;10;10;10;10;10;10;10;10
61184E82-0036-4269-BEE7-EDD3E81FD247;8;9;10;10;8;7;7;6;7;10;10;5;6;10;9
15B33BF9-CE31-45AD-8D9B-E42B426EBE73;1;4;9;5;10;10;3;6;6;10;6;10;6;3;null
6E6F80E4-8F07-41EB-B949-2A6DEB814117;5;10;5;8;6;6;9;10;10;8;10;10;8;10;8
BD53A3E3-3BA9-4B10-8682-2DE2C52CF77C;2;2;2;2;2;7;7;7;2;2;2;2;1;2;2
C2503B41-B171-429B-90A0-87BBD7A7D3D0;7;7;7;7;7;7;7;7;7;7;7;7;9;9;9
E2999231-5E58-4EF6-B840-A4BD9A31FD90;5;10;10;10;10;10;10;10;10;10;10;10;10;10;10
6539280F-91DB-4D92-B87A-99E4C27B50AE;8;6;9;6;7;5;10;10;10;10;10;10;10;10;10
69218F2D-FC42-499C-8FB4-36C2A8556162;5;5;5;5;5;5;5;5;5;5;5;5;5;5;5
22FABAB4-CC0E-4E8C-A6C7-89847B845C37;6;6;6;6;6;6;6;6;6;6;6;6;6;6;6
FC3B5B77-07D5-481B-99F5-9F973AD2ADF0;10;10;10;9;7;7;7;8;8;10;8;9;3;6;10
8513DCE3-6B44-4FA4-8C29-744140C39794;10;10;10;4;10;10;10;10;10;10;8;10;10;10;10
A8FC446C-0D0F-4E54-821D-DC7C0B1036D3;6;8;7;3;6;7;7;6;7;6;8;8;8;7;9
1128B0BB-A54F-4890-8D1B-D58ACAE24034;9;8;8;6;5;5;4;5;6;6;6;7;1;3;4
A0EB19CC-A09B-4297-A34E-59FC39562ED6;5;10;10;10;10;10;10;10;10;10;10;7;null;10;10
12510DA7-5664-40A3-AA62-BB1B7C15096F;10;8;8;8;8;8;8;8;8;9;8;8;8;8;8
0BF366B4-EC73-4BD8-9687-FC710609FA69;7;2;6;9;5;7;10;8;8;7;10;8;10;10;10
5C188B6C-0D23-440C-A477-7E9408BED570;8;9;9;9;9;9;9;9;9;9;9;10;10;10;10
B3D117B7-E8A5-4F2C-A0A4-CA5F43B0E87E;8;8;7;8;9;8;6;9;9;9;9;9;9;9;9
C15411EA-130A-4820-8FC5-3C2690EB844C;7;7;7;7;7;7;7;8;8;8;9;9;9;9;9
E7532BD7-647F-4EBF-A4C4-737FD20A2C2F;6;10;7;8;8;7;7;9;9;7;6;6;6;8;8
AA76F582-A818-4EE7-B668-116B6D3978B6;null;1;null;null;1;1;2;2;2;2;2;2;2;2;2
DCCEC2ED-6310-439A-9810-ACD23CF1883F;1;5;1;2;5;6;3;null;6;6;6;6;6;6;6
36D194E1-3D7E-46CB-A298-C3EE555DCB1D;9;9;9;9;9;10;10;9;10;9;10;9;10;10;10
F67303B7-7084-4FEE-9090-EEA726B2FF2F;null;5;5;3;5;5;5;5;5;5;5;5;5;5;5
ACC3DC3C-F3FA-45F4-957E-428C43A51561;5;5;5;5;5;5;5;5;5;5;5;5;5;5;5
46109D8D-BA48-4CAD-99BD-0AF0C9DF5423;1;2;3;4;5;4;4;4;4;4;4;4;4;4;4
7FC3034F-F55E-410F-8CC2-785B787810F1;8;9;10;10;10;10;10;10;10;10;10;10;10;10;10
C5074F9E-441A-4D21-A38F-288917883697;5;5;5;5;5;5;5;5;5;5;5;5;5;5;5
DC6A1C3D-0B0D-4C32-9156-435D8E1CC0C4;10;10;10;10;10;10;9;9;9;9;9;9;10;10;10
9F750356-6657-4485-9469-2FE185637CFB;10;9;9;9;9;10;10;9;10;9;9;10;9;9;9
4AB9D7B0-4D9E-44A4-AFF6-D3DD936CFCA1;7;10;8;10;10;10;10;10;8;10;10;10;10;10;10
D77E9D01-6F1A-4325-B372-96D1AE5DCAC9;2;4;3;5;6;5;9;9;9;9;9;9;9;8;8
1FBFA2B1-F426-4071-8FF3-1EE62432713C;null;1;3;2;3;3;1;2;3;2;1;3;3;1;3
E2DF3608-68F7-4F9A-8D2C-2B03884B839B;8;8;8;8;8;8;8;8;8;8;8;8;8;8;8
D9BA3C5A-D549-4AF7-BF0A-643D589FB7B0;3;6;2;7;7;2;8;5;7;8;8;7;3;8;5
AF57B1EA-6124-4D87-9836-8AF6CD1F561C;10;10;10;9;10;8;8;8;10;10;10;10;9;10;10
98372320-BDF5-4545-B4E0-05AC192BDB8D;8;8;8;8;9;7;9;8;9;10;9;8;8;10;10
2681A93B-4E23-47E2-801B-BEA25204C92C;6;6;6;6;6;7;6;8;8;8;8;8;8;8;8
831C2B4B-820F-483B-AB1B-E0EAAFCCC981;6;6;5;4;7;6;7;7;7;7;9;8;8;8;8
A59DBC29-5421-4613-AABB-EE72F1E515DA;5;7;6;8;8;8;9;9;10;9;9;9;9;10;10
5E5CB7A3-4568-4FC9-92E7-04D4C7575A60;9;9;7;5;8;9;10;10;2;10;10;10;9;10;9
3D13C365-D54C-4853-B3DB-9DAE8DCD3EF0;4;4;4;4;5;4;4;4;4;4;4;4;4;4;4
824AD1D8-98F6-4D1F-A955-A7447C45E0B7;4;1;1;1;4;3;6;null;3;6;2;8;8;6;6
C6E801DA-1625-4921-9D8C-317BE1F68FAB;4;6;4;4;10;10;10;6;9;8;9;9;null;5;1
39A0538E-C795-42C8-BCBC-643C73F27656;6;6;5;7;6;8;8;8;8;8;8;8;8;8;8
F6B08F58-EB4B-405C-8E0F-ED0454C4C3C8;8;8;8;8;8;8;9;10;9;10;10;10;9;9;9
9878C1FD-E77B-4146-97C2-7254299D03F7;8;9;9;9;8;10;10;10;10;10;10;9;9;9;9
D3BDCD8B-5B5F-4E5B-ADDF-8FBF5C0DB7E7;8;6;10;9;9;8;9;10;9;10;7;8;7;8;9
933BCE3F-F92B-484E-BCB9-3E3E57FB0FCC;7;7;7;7;7;7;7;7;7;7;7;7;7;7;7
AF569CD3-3217-4787-9BA8-BBD311EBE816;9;9;9;9;9;9;9;9;9;9;9;9;9;9;9
8FC1260E-AD76-4F8B-8EEC-3E40187C56B7;2;3;7;1;7;5;6;6;6;4;4;5;7;7;8
DEED2BC0-2C86-4135-BE38-1B5B9044752C;6;8;6;7;9;6;10;5;7;8;4;7;9;6;8
B8C79F61-DFB0-483E-AD02-379D14DE5168;null;null;1;1;1;1;1;1;1;1;1;1;1;1;1
84BC52A6-6C24-45FB-A33E-B0631326F7BA;8;9;10;8;10;9;8;9;9;8;8;9;8;10;7
D8829D4C-A4B2-454C-A09F-9B9B0BADCFFC;1;1;1;1;5;1;1;1;5;1;1;1;1;1;1
810C6475-36EF-47EC-A2F4-857ACC8767F8;null;5;3;3;5;5;1;5;5;5;5;5;null;5;5
BA88D3FA-AA32-4D2F-9ABA-70B07F610D32;9;9;9;9;9;9;9;9;9;9;9;9;9;9;9
7239CFC6-DB20-4E30-A556-92A7CEACD940;6;6;6;6;6;6;6;6;6;6;6;6;6;6;6
7BCCEC92-07C3-4AD0-B429-6C1E6C73BA46;9;9;9;9;9;9;9;9;9;9;9;9;9;9;9
261EC40E-D6EF-40B9-BC84-09F6D6FB600E;7;3;2;7;3;3;5;5;3;5;9;5;2;5;3
9DAB8CE0-EAA9-4347-AFF2-57FBCBF01CD9;10;10;10;10;10;10;10;10;10;10;10;10;10;10;10
9ADE2358-DCD1-40D0-BD1C-BCD7A5C81FEE;8;8;7;8;7;8;8;9;9;9;10;9;7;7;9
BF7A9987-701E-42E6-97FF-B5CC204C8318;8;9;8;8;9;8;9;10;10;9;10;10;9;9;9
6DF17E12-463D-40C0-B25B-03120CD0893F;3;3;4;7;7;3;8;8;5;8;7;5;5;6;6
45C3098C-C734-42B3-8A8C-6A1FA1F6A597;7;7;7;7;7;7;7;7;7;7;7;7;7;7;7
F418D19F-BCD6-44E4-9D86-942DAF718DDB;3;3;3;3;3;4;3;3;4;4;4;4;4;4;4
6581D761-1869-4B3D-80AE-F13B611DCF15;8;8;8;8;8;8;8;8;8;8;8;8;8;8;8
E96E13E3-3496-4F91-99E1-89CFD020D507;10;10;10;null;10;10;10;10;10;10;10;10;10;10;10
E65F1425-3FB1-46CF-A8F0-F94BFC92A35E;2;6;1;2;8;7;9;8;9;9;9;9;9;9;9
081F776A-E6C9-41EE-B9F2-D3B360EBBD10;1;7;8;4;7;4;9;3;5;7;8;8;9;7;5
4BABC5DB-82F1-4DD4-ADFE-16B42B28FFB5;2;5;5;1;7;null;6;6;7;7;6;7;6;null;9
74811422-4A9E-412C-8F46-60632532FD82;8;9;9;8;9;9;7;8;9;9;9;9;9;9;10
D7024FE0-7342-4187-9F6C-B9B3CD45F97B;9;9;9;9;10;10;10;10;9;10;10;9;7;7;8
DA9F9E5F-D52F-4BEB-BB0A-DE267C1D4FC0;8;8;7;8;9;7;9;9;9;8;10;9;8;9;9
DA4A87E6-BBE0-47E6-86A1-49BD57441412;8;8;8;8;8;8;8;9;9;9;9;10;10;10;9
0FB3A332-B249-4DDE-913B-CBA427CF3CC5;7;8;7;7;7;7;7;8;8;8;9;9;9;9;9
E9892A37-2C32-414B-9376-82FE25C44469;10;10;10;10;10;10;10;10;10;10;10;10;10;10;10
607205E8-D71B-4F50-9FE2-99BA88439267;8;8;8;8;8;8;8;8;8;8;8;8;8;8;8
8493663F-7A1F-4D6C-8098-2CC30EBBCEF8;9;9;9;9;9;9;9;9;9;9;9;9;9;9;9
CB36B01B-6A48-401F-B332-6329B4F4151C;8;10;7;7;10;10;10;10;10;10;10;7;8;10;7
BD71EC40-29B9-4FDD-8610-680C8A6E38AB;5;8;8;3;5;5;8;8;8;7;8;8;4;8;8
CFCBD551-9DB1-446D-B4D1-E16F522DFB42;4;4;4;2;5;6;9;4;6;5;5;6;6;6;6
7199C767-3271-4621-896A-5F0810F4E0C8;4;10;10;8;5;6;6;6;7;7;8;8;8;8;8
A62BC8DC-79A8-4B79-B793-81FE1286BF51;9;9;5;null;7;null;9;7;7;9;9;9;null;9;9
84C82F6E-3738-4F04-9F0D-58C25E0E8E43;2;7;2;2;9;3;7;5;3;7;9;4;8;2;2
0D405478-F9E6-4A2D-B34E-452DE8EC23F7;1;9;10;8;9;10;9;9;9;8;10;9;8;10;8
6E69F17F-62D9-4933-B1DB-B9F74D671F61;7;4;4;5;4;6;3;4;6;3;6;7;6;7;10
99D2A0B7-1128-44C7-9E6B-11ADB263618A;3;3;3;3;3;3;3;3;3;3;4;4;4;4;4
FF779369-60D2-421E-AFB9-9E0084AB3956;8;8;8;8;8;8;8;8;8;8;8;8;8;8;8
A6AD1508-C425-48E3-8F94-6235B0EF96F7;8;8;8;8;8;8;8;8;9;9;9;9;8;8;8
EC64C448-7CD8-49FB-B0ED-744B5F4F086F;3;7;6;6;9;9;9;8;9;9;7;7;7;7;5
4FCF1EFD-C463-452E-9F3A-920DEEC8676D;9;8;10;10;10;8;9;8;9;8;9;10;9;8;9
F590109A-45D0-4478-AD56-EEF9FA24C2BE;10;10;10;10;10;10;10;10;10;10;10;10;10;10;10
F30D1C58-EED1-4038-AB25-D1C8853CD0BE;5;3;10;6;9;7;10;5;7;7;5;8;10;8;8
765FB54B-2402-415B-B44D-C87B955DB932;8;9;8;10;9;9;10;10;10;10;10;10;10;10;10
220AC60E-9677-4475-9033-05DFD98288A1;2;3;2;4;5;6;6;8;5;3;6;6;5;5;7
D0E75489-E0B5-481F-9C31-55539797DA33;5;6;6;5;5;6;5;5;6;5;6;5;6;6;6
983DB370-B1C5-44AF-800A-B6D21B570DFB;10;8;10;7;9;9;9;7;5;8;6;8;5;8;7
BF4F5180-E50E-4BF1-B507-020C6E841289;9;8;8;8;6;8;7;8;8;8;8;7;8;8;7
07C0B1C2-DF26-442D-9349-77319FB38F07;10;9;9;9;9;9;9;8;9;9;9;9;9;9;9
4216C25C-91E2-474D-862C-CFF82183BC93;6;6;6;6;6;6;6;6;6;6;6;6;6;6;6
4E7C4920-32BA-402C-9D4C-593BEF2EBED7;9;9;9;9;9;10;10;10;8;10;10;10;10;10;10
251D6C1A-CD81-4142-BB3F-3739F79B903F;10;10;10;10;10;10;10;10;10;10;10;10;10;10;10
15816C80-1458-4035-9DA2-164D83E139A4;9;9;9;9;9;9;9;9;9;9;9;9;9;9;9
A7FF74FB-53EA-45EB-A3E3-0A1F359C61FD;8;8;8;8;8;8;8;8;8;8;8;8;8;8;8
A2BE70B6-047D-4A24-8ADF-ACB9F9AD0C66;1;3;2;4;4;4;4;4;4;4;4;4;4;3;3
19BABC0C-E942-4911-8A03-178B013BE5D1;4;4;4;4;4;4;4;4;4;4;4;4;4;4;4
BC73F964-E5D2-4E47-89F8-0B05FED056F7;1;1;1;1;1;1;1;1;1;1;1;2;2;2;2
F69A0B71-98A4-419B-865C-710FA8A0F3E0;8;6;6;6;6;6;6;6;6;6;7;6;3;6;5
821EE207-555E-4C05-863D-06AC97F38371;8;7;7;8;8;6;7;6;7;6;7;8;8;8;4
FE4F936D-F90B-4D62-AC96-7852B0B6F78D;10;8;10;9;9;8;10;8;9;9;8;10;9;7;8
431D6B5A-A931-4563-9CAE-ADCC29F9FCE2;4;4;4;4;4;4;4;5;5;5;5;5;5;5;5
3836A0EA-171E-4F43-AEAB-2F4359405DF8;6;8;7;6;6;6;6;6;6;6;6;6;5;5;5
67BEC992-844F-4F24-8708-F80B4E897A57;8;7;10;5;7;6;9;10;8;4;7;8;6;8;6
A4565EA6-7DB5-4D95-9165-7B41F65C6444;7;9;3;3;5;6;10;8;9;8;10;10;1;3;null
21B7B80F-860A-4D4D-B9C9-A700503F5C19;1;1;2;2;2;2;2;2;2;2;2;2;2;2;2
1419D070-EDE7-42D8-BDEE-76135DFAF777;2;4;4;5;3;4;5;4;4;3;3;4;4;3;5
F7EB8CFD-BA82-4162-B555-B5FDBF13526B;8;10;9;7;5;8;7;7;8;9;5;8;6;10;8
ED9D0C77-9479-4805-BD51-FEA7165CCFA6;7;6;7;7;7;7;7;7;7;7;7;7;7;7;7
400B5E3F-7F51-4642-92B3-0B565A6CF347;9;9;9;9;9;9;9;9;9;9;9;9;9;9;9
CDA2DB8E-EBB9-4A6A-A0B7-651112983886;10;10;10;10;10;10;10;10;10;10;10;10;10;10;10
118050DA-5641-4772-9483-9B666EC32998;1;1;1;1;1;1;1;1;1;1;1;1;1;1;1
EACA0278-8FD6-4C90-817D-3986638A1984;2;8;8;7;4;4;4;6;6;8;5;6;6;6;6
1FE2D968-1EB5-4274-A33E-DBD04BB88A47;1;2;2;2;2;2;2;2;2;2;2;2;2;2;2
EF925F84-8FBC-4AB3-BD85-B955C3124626;10;9;10;6;4;6;5;8;10;5;7;5;8;6;10
15293D10-1856-4B1F-82A5-DF6D7FCE2AA2;6;6;6;5;6;5;6;4;8;7;6;5;5;5;4
9E421484-36AF-4F87-9815-A41BEAC4DAB5;1;2;2;2;2;2;2;2;2;2;2;2;2;2;2
E8217DE8-3AAB-4621-96BA-4206ED70C681;8;8;8;8;8;8;8;10;10;10;10;10;10;10;10
E4FF8860-EF76-4255-8860-4716151B10BA;2;2;2;2;2;2;2;2;2;2;2;2;2;2;2
872A92AF-7A62-4A42-8E4E-54A04B7C1346;10;10;10;10;10;10;10;10;10;10;10;10;10;10;10
08A967EC-8092-4446-A62B-B2AF1633E466;10;10;10;10;10;10;10;10;10;10;10;10;10;10;10
D3F55FB7-0F17-4FA2-9ADF-D1144E9BDB26;2;2;2;2;2;3;3;2;3;2;3;2;3;2;3
38442497-340B-4519-AD06-531D0ED84326;10;10;10;10;3;2;4;8;7;10;10;10;10;10;10
01A4CB13-CFF3-40F9-B350-3ED8FCE6455F;5;5;5;5;5;5;5;5;5;5;5;5;5;5;5
0B4C29D2-F8ED-44C1-8EB8-89DD3D017196;8;8;5;6;8;8;8;5;7;5;5;2;3;5;3
1DF4C873-EF5F-4079-8D32-83FBE611F4FA;7;8;9;4;8;10;8;8;9;8;9;9;9;8;8
04EF2ADA-2A8B-4AD0-AC41-F563C25D9B06;10;10;10;10;10;10;10;10;10;10;10;10;10;10;10
A0C0ABD3-9A02-46F8-94BC-C4F31EE609C3;7;5;9;6;5;10;9;5;5;5;4;6;6;7;7
A8065AC9-95C5-46C1-AD95-0013F158DE48;1;1;1;1;7;5;5;7;5;7;8;6;2;8;3
EDC51865-3C24-4647-A820-EE7E97A133BC;7;8;7;9;9;9;9;8;8;9;8;9;8;8;8
B57973F1-961E-47BE-AA8C-433858124017;10;9;9;4;10;8;9;9;9;9;10;10;10;9;9
519EF763-DAFE-4DB0-9233-F0D63A8ECB59;8;7;7;5;6;6;7;7;6;5;5;5;5;7;8
721678BB-2415-40A9-83AD-161C19C1A082;8;8;8;8;8;8;8;8;8;8;8;8;8;8;8
9CA6B530-E28B-4AC8-AB1E-49B74ED90597;null;2;2;1;2;3;3;3;3;3;3;5;5;7;4
51A6D04A-DAAF-4924-BF8D-EF48B034DFDA;4;null;null;4;4;4;4;4;4;4;4;4;4;4;4
725AD817-7847-4343-A10D-0CDA1D6F0FCE;5;5;6;5;8;7;6;7;4;7;6;4;5;6;6
82BC8DEC-E823-4538-9E75-DC6E51C635E5;5;8;7;8;9;7;10;6;8;7;5;7;6;5;8
40BAE14C-A290-4677-9E7C-A46F4A00C51C;9;8;7;8;9;9;8;7;8;9;9;9;6;8;8
8913364F-8571-4E25-BF26-1EDA4A3D057F;7;8;4;8;8;3;10;10;10;8;9;9;9;3;3
2B376B96-BDB6-4E35-8121-9C7306F97C01;3;3;3;3;3;3;3;3;3;3;3;3;3;3;3
1F3E9326-D4EF-4CED-A7F4-FD8C509FFF6C;4;4;6;6;7;4;5;5;5;5;5;5;6;7;3
A2CE2A29-EC89-4973-A639-62C72B286579;8;8;10;10;8;10;10;9;10;9;10;8;9;9;9
56A23656-5173-4169-B8B9-4377AAFE1EC9;1;4;2;6;3;7;7;6;6;6;6;6;6;6;6
DE29839E-E15D-4AAE-8502-94DCAFB0FBF6;10;10;10;10;10;10;10;10;10;10;10;10;10;10;10
BF11E7E4-3803-48BB-B722-C2F374FDBED1;4;4;4;4;4;4;4;4;4;4;4;4;4;4;4
4744B29C-5E22-40A0-B120-CCB59D7EC67B;7;9;10;6;8;6;7;8;7;10;6;8;8;7;7
FCA85498-A3E8-4E61-AB73-6FE2B3C37D40;10;10;7;9;8;9;7;8;5;8;8;5;8;6;6
EE1D3761-5A34-4038-A84D-2A9649C6FAEA;5;2;7;2;7;4;8;4;4;6;6;7;7;7;8
2DC01E75-AD4E-47A1-99EA-CC5269923F3C;8;9;5;7;9;7;8;10;9;10;10;9;8;10;10
8AFBE40A-7905-49A3-94E4-663B73A1BDA9;9;9;9;9;9;8;8;9;9;8;9;8;7;7;6
29F82B9E-A5C6-4A70-9E40-0C156E147530;7;8;9;8;9;8;8;9;10;8;6;8;9;6;6
6FFF7038-1043-4FDC-8117-E6BE9FCECED5;3;7;5;6;6;4;3;7;7;7;6;5;7;6;5
4DE39671-F448-4AF6-8944-074150D17D22;10;10;10;10;10;10;10;10;10;10;10;10;10;10;10
EF7815DF-B354-49FA-880E-93AA5883F9FC;9;8;10;10;10;7;10;10;8;9;7;8;9;9;10
E7F27F10-6F26-44EC-8165-D4170F03DA94;9;9;9;9;9;9;9;9;9;9;9;9;9;9;9
564C9171-64FD-4B59-B15B-C6FC27BE6676;4;6;3;3;8;3;3;3;4;8;2;2;9;9;9
7E88D06A-B465-4AD3-BA8B-FB270258659A;10;10;10;10;10;10;10;10;10;10;10;10;10;10;10
3FA6B223-E6DD-4678-9D4F-980B6C6F0DC8;2;10;10;10;10;7;10;10;10;9;10;8;5;5;5
BF870642-1BCA-46B7-B6A7-3B3E0A27685C;10;10;10;10;10;10;10;10;10;10;10;10;10;10;10
1AFDE6B1-71A5-42EC-8216-F022FF85B01A;1;null;3;null;null;1;2;2;1;null;null;1;null;8;10
C72111C0-B3B0-492B-9EDC-847EB43042CE;6;1;2;3;2;2;2;2;2;2;2;4;4;4;4
66461412-A566-4E11-A74A-E4A63FD1E89F;5;2;3;5;8;1;3;3;4;6;2;4;6;3;6
30C5AE7D-0F39-408B-9E71-C23F78FD38D4;4;4;4;4;4;4;4;4;4;4;4;4;4;4;4
AB9B5753-34F9-43F5-BF3B-83A1D9576D56;4;7;7;7;7;7;9;9;9;10;9;9;10;10;10
93F5EFA0-6446-447A-93A2-3E56BBA52BE8;10;8;5;3;10;5;6;10;4;8;10;5;7;8;9
F05ADD0D-C9D4-4B8E-895D-F4FFF581EFF5;5;6;5;6;10;6;10;10;8;8;10;10;10;4;10
6F39B0D4-DB24-4CD2-A9B1-BFA63DA7AA08;3;3;3;3;3;3;3;3;3;3;3;3;5;3;3
475CB48C-06BF-4BC1-9955-60BFACCFA96E;4;9;9;6;5;8;4;8;10;10;6;8;3;8;9
A50ACC03-4312-48E3-9D60-B22E72706C26;2;2;3;3;3;3;3;3;3;3;2;2;2;2;2
C0306FE3-1C20-4805-A5D0-E31658C40A3C;null;null;null;1;3;2;null;2;2;null;null;null;2;3;1
9A1022FC-307C-4F34-8AAB-E62C82DAE931;4;9;10;10;10;10;10;8;10;10;10;10;7;10;10
56A208AF-1CD7-43AD-A7F2-CB6B25BFCABC;4;1;4;3;6;9;10;10;10;8;9;8;6;7;8
DA8B1C59-33C4-438A-86AD-4B9A277C840A;1;5;2;1;5;9;10;1;null;10;5;10;10;10;10
A1F1E76F-D389-467B-866A-8B4AA34E56B4;8;8;8;8;8;8;8;8;8;8;8;8;8;8;8
8BE663A5-1AB3-4BFC-812E-7D3A32BB26D2;9;null;null;null;8;6;7;6;null;null;10;8;4;null;1
24971529-D559-4279-8AA9-BB94F89C75D9;1;1;1;1;1;1;1;1;1;1;1;1;1;1;1
EC7482EE-763A-4AB0-8E3C-E0663B9816DB;10;8;8;6;8;10;10;10;9;10;10;10;10;10;10
4EEC000D-5FAB-40B3-9394-E71A0CFD615D;8;8;10;8;7;7;7;9;9;9;9;9;8;8;8
8699B3D0-E828-4369-BE0D-8EE8EF07F059;4;9;10;9;9;6;9;10;9;9;9;8;5;9;8
D0EE69B3-6CAC-47C2-B958-67A33A57A79D;null;4;5;9;1;1;2;2;1;1;1;null;2;1;8
F51CC3B9-401A-4A0F-B9AB-2E0243EA6E54;10;7;10;9;10;10;10;10;10;10;10;10;9;10;10
8E89AFF2-106F-4EFE-9B6F-BA7A80656EEA;3;9;10;9;10;10;10;10;10;10;10;10;10;10;10
A5D6D12B-BADD-4125-B650-B98431164244;4;5;3;2;1;5;8;8;6;10;10;10;4;10;10
CC3DDC2B-819B-4A12-9776-1949107FE618;10;10;3;10;10;null;null;10;10;null;10;10;10;10;null
6C124E07-6AC9-4755-B0A1-17AE73C42E4A;10;10;10;10;10;10;7;8;8;10;8;7;9;10;8
7A4D2A84-BB13-490B-B863-23C149900D6B;5;6;6;5;8;4;6;5;3;10;10;7;7;7;4
75D09A03-9A20-4524-B88C-663095120187;5;9;8;7;8;8;8;6;7;8;8;10;9;9;9
B94D1A3D-097A-4D5A-AA09-926AA418B276;8;8;8;8;8;8;8;8;8;7;8;8;8;8;9
DFBA58E4-1A56-44B3-A26C-3D1E375DCD69;7;7;7;7;7;7;7;7;7;8;8;8;7;7;8
7EA57D98-E3BD-4225-B99D-9FFBF1173AB1;9;9;8;8;8;9;7;9;7;9;9;9;9;9;9
69A48E51-AA11-45B8-8A9D-126F27AA531E;6;6;6;6;6;6;6;6;6;6;6;6;6;6;6
8D83BD45-9342-499E-9026-195FF8ED27AB;10;9;8;10;8;6;6;7;6;7;6;6;7;6;7
EA518C69-EA09-425E-8186-013629CEE876;10;10;10;10;10;10;10;10;10;10;10;10;10;10;10
663B80EA-D6B2-4F68-9854-43AAAA3C735F;10;10;10;10;10;10;10;10;10;10;10;10;10;10;10
CDEE18F6-0202-4882-8B53-529F5BCF9BE5;5;10;10;4;7;7;9;6;8;10;7;8;10;10;8
8B19DF45-856E-4C02-8281-E07BFA99276D;3;3;4;3;4;4;5;4;5;5;5;4;4;4;4
208E7EBE-1AB7-4B2B-AD5E-EB7CBDEC0B8C;3;6;3;3;5;3;3;3;3;3;3;4;3;4;5
F57BB738-2B30-4F7B-ACEC-9EB3FA7C8A9A;10;8;9;7;8;8;8;9;9;9;8;8;9;9;10
F1A341DD-6451-4E9B-8743-1D3DF11916D9;7;6;5;6;8;7;6;7;6;6;4;5;4;7;4
0650A060-6544-48B0-A551-F90909F011C4;4;10;10;10;10;10;10;10;10;10;10;10;10;10;10
3AA96E2D-E2B0-42AA-B80A-109C1B553E2E;6;7;4;5;8;10;10;10;10;10;10;10;null;null;1
602A7D83-E70E-42E1-85B7-EBD24A8D721C;3;4;4;4;4;4;4;4;4;4;4;4;4;4;4
3B4B0082-7CB6-4FD2-9926-463546589B23;10;10;9;9;10;10;10;10;10;10;10;10;10;10;10
76ACF4E0-D683-4321-A58A-BCD20842B412;9;9;9;9;9;9;9;9;9;9;9;9;9;9;9
178563DA-0599-49D3-9253-F5BBE9E92C27;10;10;10;9;9;9;9;9;10;9;7;9;7;7;7
15E2AE92-CB4F-4C51-BD78-667374A7E1CC;5;4;4;5;3;5;6;6;6;6;7;7;7;7;8
FD508CD9-6681-4348-9CA0-2AF1D38DD7C1;9;9;9;9;9;9;9;9;9;9;9;9;9;9;9
F9F3DAB8-B6DA-4341-9509-6D19F81853E5;10;10;10;10;10;10;10;10;10;10;10;10;10;10;10
A72FE957-DA58-4028-BB2C-EDCA3BC147C1;3;5;5;4;6;5;5;5;5;5;5;5;5;5;5
F4D0780B-A8DA-4ED0-934B-ECF38F7D6684;10;10;10;10;10;10;10;10;10;10;10;10;10;10;10
8BEA1AD3-0F25-4E0C-99D6-272F72559908;6;7;8;6;7;7;8;6;7;8;8;7;7;7;7
F4BDFBD2-674C-4E9B-95CA-A73EFB47388D;5;2;9;8;9;4;10;8;9;10;10;10;4;4;2
04B27FD3-7DF3-4375-BE33-5A02A6CE050B;5;5;5;5;5;5;5;5;5;5;5;5;1;1;5
E1F00C63-E64A-4DEF-9651-BDA5AD026002;9;9;9;9;9;9;9;9;9;9;9;9;9;9;9
55AF41C7-C9E1-4EFB-8FA8-59C5BDC564AB;7;5;4;5;8;8;9;7;7;9;9;9;4;8;1
27A9952F-6CEA-43D0-B083-6F5C151B0BD5;3;8;2;2;8;5;10;7;7;6;8;8;5;5;3
696EF366-AE11-4653-940B-38F661C9AE10;4;7;10;7;4;8;8;7;8;10;8;8;8;8;8
A76D9641-0C53-4E9F-AE98-3EDD0DA8F0C4;4;4;5;5;5;5;5;5;5;5;5;5;5;5;5
9C45AE4E-9045-4B00-91AD-F1ED7A251B04;7;9;9;9;8;7;10;8;8;7;9;9;null;null;8
37CBF4D8-24A1-4FC4-A9E6-A65BF788FC77;2;3;6;3;8;8;3;7;3;7;5;1;9;6;3
8C600FBD-D1AA-4B5D-A8A0-82CB14D03CBB;10;10;10;10;10;10;10;10;10;10;10;10;10;10;10
D4025494-7DD8-486A-87C2-2A53CD2EB8F8;8;9;9;5;9;10;10;10;10;10;10;9;7;9;9
2F698891-E9DD-49BC-A81B-5032259CE4E6;null;2;6;5;5;2;7;8;5;6;5;7;7;6;4
ECB34EBA-1641-4C0A-9513-A1071996EA67;7;7;4;2;3;8;8;7;8;5;6;4;3;5;4
2091C27A-8C1D-4C43-8BB4-16D38EB9864B;8;8;8;8;8;8;8;8;8;8;8;8;8;8;8
2BD2DC40-4D15-418F-8C48-0E6D55330DD1;5;6;4;3;4;4;4;4;3;6;4;3;2;4;5
97C0898A-EFAF-4770-B4D1-3C38A8A81AED;4;6;6;5;8;8;8;8;8;8;8;8;8;3;4
70AF4F43-DEF5-4A68-8DFA-D50C014442C3;null;5;10;4;7;4;10;6;10;8;8;8;8;7;7
42DB93CD-73E6-4AF8-AA65-C9FCEC77C670;4;10;10;10;10;4;10;10;10;10;10;10;10;10;5
6A31C9AA-3D4A-4B85-BC17-0E4F06AA9BC9;7;7;7;7;7;7;7;7;7;7;7;7;7;7;7
8E75DE6C-44CC-4B6E-9BA1-3A654C5AC53E;2;2;1;2;2;2;2;3;3;3;4;4;4;5;6
8A0C5416-AE4A-48D9-8D8C-68636A2FB2D4;6;8;6;7;7;10;8;10;9;9;8;8;8;7;8
69B15855-1EA2-44F0-8494-A0D1A031D59A;7;7;4;5;8;8;6;7;9;8;3;7;9;3;2
7F6D68BA-9625-4BFA-946F-E76D210234FB;7;10;10;10;10;10;10;10;10;10;10;10;10;10;10
57132DE7-407F-4F2D-BC4A-1EFD0A59B451;8;9;9;9;10;10;10;10;10;10;10;10;10;10;10
CB52FBEB-6FBB-4144-8B35-36464120444F;7;8;8;8;7;8;8;6;6;7;7;7;6;6;7
0A2FA49D-113B-4D78-8FA8-D175457E1AB0;1;4;8;8;9;7;6;4;5;7;2;3;3;3;3
EA9FF987-64F8-4522-A1DC-271F33C5B43D;7;7;7;6;7;7;7;7;7;7;7;7;7;7;7
0BCA4402-5C6B-49A6-BF11-111509912836;7;9;9;9;8;9;10;10;2;9;9;9;9;9;9
A6EA5DF6-9094-43C5-8703-78563D44449E;5;6;6;6;6;6;5;5;5;5;5;5;5;5;5
1A20F7CC-6AFA-488F-B131-8B21D1D53293;8;9;9;8;8;8;10;10;9;8;10;9;9;8;9
1D650BA0-DEE0-47EF-A0B0-4E65ECD734FC;4;2;1;6;6;3;3;1;5;8;9;6;2;2;5
127485A1-1E30-4324-9043-B16C4F7F36C2;7;10;7;7;10;10;10;10;10;10;10;10;8;8;6
7D4862C6-21CF-46E3-9B25-3D83BDE12077;null;1;1;5;5;5;5;5;5;5;5;5;null;5;5
0F9CDFE5-5B00-4D37-87F1-D7797B9C3460;6;6;6;6;6;6;6;6;6;6;6;6;6;6;6
9DD5A60E-A300-4074-835F-924DD57E1F4E;8;9;9;9;9;9;9;9;9;9;9;9;9;9;9
86FC094C-321A-407B-93BC-023B8106B007;9;9;9;9;9;9;9;9;9;9;5;8;8;8;8
BDD1D050-8035-4247-BB6C-A9DE83E605EB;10;6;4;4;6;6;9;6;8;2;8;8;9;8;9
9402FA26-B2B5-4C2F-931B-AD97BF5BA635;null;null;1;3;3;3;1;3;1;1;1;3;null;1;1
2A6CB112-A10C-44BF-9E4D-0DF2139C998B;null;2;10;3;2;2;10;4;null;5;10;5;5;2;6
BF5F057C-2699-41A6-A611-5BED9F72C702;8;6;6;8;9;7;8;8;8;7;8;8;7;6;9
A4558F64-0F86-4674-A9E9-BC771348A184;10;10;10;10;10;10;9;10;10;10;9;10;8;10;10
FA437180-61B8-48D6-AFA1-DC199BAD93D3;1;2;3;4;4;4;8;null;10;7;5;5;3;5;2
22B78AAD-3EBF-4B61-8BC7-A8EC2D68BC99;10;10;10;10;10;10;10;10;10;10;10;10;10;10;10
4713454F-CD11-412E-A3B2-348F5654F300;6;6;7;5;7;6;7;7;6;7;9;8;8;8;8
B1D0481F-B1BC-4ECF-A636-9874A049173E;9;9;4;4;9;8;8;8;9;8;9;9;9;9;8
9F75C96C-AD98-4E87-A6A7-E782FA52E536;4;8;6;10;10;10;8;10;8;8;9;9;4;6;9
C9EA0912-EC0E-4B13-A0D8-0EF3E93BFC01;null;1;1;2;2;2;2;2;2;2;2;2;2;2;2
D4F20BC3-CE64-4E52-9108-78C7537EF069;4;4;4;4;4;4;4;4;4;4;4;4;4;4;4
FCA05E38-E3FD-4B90-AE3C-910083934C53;5;7;8;5;9;8;10;6;8;10;7;9;3;5;8
58A44844-86B3-4145-95D3-DCCCF0D1B267;8;9;8;9;8;9;8;9;8;9;8;9;8;9;10
AA9E5D98-B245-403F-B707-FFF4ABC823D1;7;9;7;7;10;7;10;10;10;10;10;10;8;10;10
DFAE68A3-C247-4BDD-8671-2ADAB427C7C0;6;6;6;6;6;6;6;5;5;6;6;6;6;6;6
276AF0BB-A109-4BE3-AA03-EC435CE519A8;4;4;4;4;4;4;4;4;4;4;4;4;4;4;4
5D468476-3FC8-464D-8DC2-AD7D00BEEF48;6;7;5;7;8;8;5;6;7;8;5;6;7;8;9
D2DD217F-C1E2-45C2-B3FE-C06A57BB6C9A;3;6;7;5;8;4;10;7;5;8;6;8;5;7;7
BF603A0B-42E0-4B82-8FE1-4AF6E29E5658;4;7;6;5;6;5;5;5;5;5;5;5;5;5;5
7C2AB473-2D82-4D8A-9EAD-BEA881232DBA;4;4;2;2;4;2;9;8;8;8;8;8;8;8;9
87CB8C84-6F2D-4116-AA8B-2F223444DC75;2;5;5;5;5;5;5;5;5;5;5;5;5;5;5
D5A6D48A-68BD-4413-AA10-272E0C17C44A;1;5;7;6;null;1;7;2;2;null;7;1;4;4;1
E29E0274-2216-464C-868D-042FABC2AE5F;3;1;9;6;2;7;10;2;9;3;10;4;10;10;10
5217CCBE-1C35-4CB6-9DE3-E4062FE76EDC;3;3;5;4;5;5;6;4;6;6;6;5;4;7;null
376E24A5-AB11-49F2-AABD-F58EBD3FD173;3;6;5;6;6;4;5;4;6;5;5;2;3;3;1
F3AA4A3F-32E8-4298-9311-7A70478EAF13;3;3;5;8;9;8;7;5;6;5;3;8;5;3;6
61A63BFD-2F4D-421A-A1AE-D366365943D6;1;1;null;3;3;null;8;null;1;9;1;1;1;9;1
53394136-0362-4DBF-9519-30E8D6892769;6;6;6;6;6;6;6;6;6;6;6;6;6;6;6
017A116A-10F5-4271-B51C-9C70C97D0128;4;4;4;4;4;4;4;4;4;4;4;4;4;4;4
DFF975A6-4DAF-47DD-B1C3-55C5EC6DA57C;10;9;6;4;7;9;10;8;9;10;10;9;9;10;10
9685E2CF-C433-43B7-8959-0DA2B87B8EA6;6;6;4;6;2;6;3;6;7;5;7;3;6;7;5
8A550A01-1597-4953-992C-6E52EFE0122E;6;4;10;10;10;7;10;8;10;8;8;10;7;7;8
EF2AECD8-FCF1-4801-A4AC-3E9B38177242;6;6;8;8;8;7;10;8;8;9;10;8;6;8;5
BE42F9F7-A431-4FEC-B6CF-872C897484C7;null;8;null;4;9;8;10;8;null;10;10;null;7;9;10
77307406-2845-4B88-A112-A00ECFAE01FF;5;7;4;5;8;8;8;6;9;8;9;9;9;8;8
E2735305-A579-43DE-A54E-2FE8D932B872;10;10;10;10;10;10;10;10;10;10;10;10;10;10;10
468E1E95-3521-4135-985F-AFDA16771D11;3;4;4;7;4;4;4;7;5;7;6;8;8;8;8
036BB729-8D8E-4028-90D6-DE6CCC1A4205;1;8;5;3;9;10;9;6;6;8;9;7;10;10;10
C6E56229-FA9C-47BC-AE05-AA21AA32F36B;6;6;6;7;8;8;8;8;8;8;8;8;8;8;8
43439C5D-F3AB-4410-BA9C-BDE5CDE542E1;4;4;4;5;5;5;7;5;7;7;7;7;7;7;7
3625C24A-EEEA-466E-B65E-75A187DC104B;8;9;7;10;8;8;9;7;9;7;10;8;8;8;8
AD2A1B7D-4DA2-4DE2-AB06-CB425744D340;null;null;1;1;1;1;1;1;2;2;2;2;2;2;2
257F0745-26EF-457C-9F1C-EE0B1D23B98E;null;5;2;5;5;2;5;2;5;5;5;5;5;5;2
03EB0420-2A37-4F17-A9E5-CB2E057691DF;4;8;2;4;8;3;7;8;9;7;8;8;4;7;7
356839F4-ED58-4206-B49D-98A55B25E9FF;7;5;7;6;7;7;5;7;10;10;6;7;7;10;9
37CFC344-23D4-4956-AC57-1BFA934007AF;2;6;3;2;7;7;9;8;6;7;9;7;4;9;7
30B59FDB-8C5D-4553-A1DE-83477373D6B4;1;2;3;3;3;3;3;3;3;3;3;3;4;4;4
E3218555-C665-4381-97FF-79F96E66995C;1;2;2;2;3;3;3;3;3;3;3;3;3;3;3
8EB13849-3F25-4DCA-9029-C07D768202C4;9;9;10;10;10;10;9;8;8;9;10;10;9;9;9
214D26CC-407B-4A63-9ED0-0F4669CA48F1;6;10;8;10;10;10;10;10;10;10;10;10;10;7;10
7E0D288F-A36C-4C02-94EC-37264DBE6F33;2;7;2;6;7;3;10;10;10;9;10;9;7;8;5
82C7B8DF-0F9C-4393-B1BE-1043B9FDF17E;9;7;8;8;6;9;8;8;8;6;8;8;9;6;7
B85737B1-8DC3-42A9-ADA5-65A1E3FB869E;9;10;10;10;10;10;10;10;10;10;10;10;10;10;10
4D13DEA5-9B3A-4AE3-9AEE-14380528873A;5;5;4;5;5;5;5;5;4;5;4;5;5;5;4
1B8DFB1B-1D8C-4C69-9FED-2AAE49DEB476;7;7;7;7;10;8;10;9;10;10;10;10;7;9;10
62A3E8E3-9C44-4C61-928E-62669C85A2F7;4;4;3;2;5;4;6;5;6;7;4;6;7;6;6
323F8544-24FE-4C43-837B-2725993E984A;8;10;10;8;8;7;10;10;9;8;4;9;10;8;9
9B110430-33F1-493F-AB4C-0F066FA80119;6;7;4;6;6;4;5;7;7;5;7;9;3;5;4
8DF1EFE3-8C76-41B4-8A60-5FB56D838D11;null;1;4;4;4;4;4;4;3;3;3;3;3;3;3
8D903100-E60C-408F-9477-31EE5E4F10DA;7;4;5;4;5;5;4;4;5;5;5;5;5;5;10
E997DD4E-E980-4386-B6D0-A963E1C240E1;7;7;7;7;7;7;7;7;7;7;7;7;7;7;7
FA9D5418-4851-48E8-AAEB-4C274CA915A3;7;4;4;3;7;6;10;7;5;7;9;10;7;8;8
42E18CC0-54A6-484A-AE50-59E5C507FAC5;1;1;1;1;1;4;4;4;4;4;4;4;4;4;4
28FD10E1-FA09-4AC1-B80F-027C9D2C023E;4;8;8;9;8;8;7;10;8;9;9;9;8;9;9
99E55E4F-8C5F-4969-A1DF-6ABF8CF36290;10;10;10;10;10;10;10;10;10;10;10;10;10;10;10
DE1B8C4C-0DFD-4E68-913E-38A4AD67DD17;1;8;5;1;4;1;5;8;4;5;5;2;3;6;3
62CD5910-CA3F-4F6F-B181-BBE3FC7ACCB4;2;2;2;2;5;4;4;4;4;4;4;4;4;4;4
FFD67BE9-0730-425B-A447-01453D33EAFC;7;6;6;7;7;7;7;6;6;6;5;6;6;6;6
E0628A62-F16E-426F-A00E-C88A373A4384;3;3;3;3;3;4;4;4;5;5;5;5;5;5;5
F4793E5F-233C-41AC-8667-976F6AB8A737;8;9;7;8;10;10;9;7;8;10;7;10;9;9;9
6EA612CB-380F-492A-8883-80DA355DB696;null;null;3;3;5;5;5;5;5;5;5;5;null;4;4
CD8A6058-1CDD-4882-8A2C-1F4922D4C8A1;3;3;4;4;4;4;4;4;4;4;5;4;4;4;4
16E47CBB-E818-4F25-9FE2-21BCE2567187;8;4;3;5;8;5;9;9;6;7;6;7;2;4;4
82E8DDCD-D8BD-41C0-969D-5A586C8E2F04;3;9;6;4;7;10;10;10;10;10;10;10;4;4;4
E2310F9C-A2CC-41BF-8557-C75149353B39;6;6;8;7;9;7;7;6;7;6;2;7;8;9;9
9B144AAC-3877-4AA9-BD04-2BE694E6BEB6;1;null;3;3;3;3;3;3;3;3;3;3;3;3;3
E7EBD1F8-0EB6-410F-B02E-4DFF52175841;10;4;4;1;10;8;10;10;10;6;10;10;4;10;10
75A18617-0BDB-4D46-9ECC-DFFF0E006CEB;8;10;10;10;9;10;9;10;10;10;10;10;10;10;10
F2EF45E3-B9FA-4DA8-B206-56008090039F;2;10;10;10;10;10;10;10;10;10;10;10;10;10;10
60ABAB4B-59F4-4FC8-9744-268383259DCA;1;10;5;8;4;5;5;10;10;10;10;8;10;10;9
9F449735-BF8D-420E-BF68-95247B8D5DEE;1;10;4;4;8;8;7;2;8;10;8;1;10;10;10
6A80973B-9E6B-4C20-8A74-38E2BF65BBC2;8;10;9;8;5;5;10;10;9;10;10;10;10;10;10
4752FA21-1B72-41CB-A33F-B7B49E9F3B8E;6;7;7;6;7;7;7;7;7;7;7;7;7;7;7
5D1E3BA4-1D6E-481B-A758-1E7082D2FAA1;6;6;6;6;6;6;6;6;6;6;6;6;6;6;6
A4132BC6-6316-42CD-9825-8BF298F0718B;2;4;8;8;8;8;8;8;8;8;8;8;8;8;8
06DD0BD8-A37D-44A1-B20F-707B8CBB1381;10;10;10;10;10;10;10;9;9;9;10;10;10;10;10
7D91759B-6E8F-4090-B213-4F4587B95769;2;4;4;2;7;null;null;5;6;9;9;8;4;8;null
1705E367-3232-4B29-866E-D7C6ABFA531E;4;6;6;2;6;5;6;5;4;7;6;4;7;7;8
50E89738-5982-4CF3-8301-71D40BEF783A;8;8;8;8;8;8;10;9;9;9;9;9;9;9;9
5C1F4DF3-94F3-4FF5-A7C1-943E7505B658;7;8;9;6;7;9;10;9;8;8;10;7;6;9;6
FEC84730-E4BC-4C84-9BAD-AB7C7999C187;4;4;4;2;4;4;4;4;4;4;4;4;4;4;4
AD946E81-4CB6-4057-9893-E3B10D31C74B;7;8;8;9;9;9;9;9;9;8;9;8;9;9;9
BDCB43C5-2E0E-4C60-8D29-1883191BC1E6;10;10;7;10;10;10;10;10;10;10;10;10;10;10;10
89054CC0-D382-4B59-9BE1-4558A7660A2E;4;7;5;8;4;5;9;3;7;7;9;9;6;9;10
EF0B3DAC-160A-46AE-9E89-E04833167412;1;10;4;10;7;7;10;10;10;10;10;5;10;10;null
A14CD4F1-ADDA-473A-8996-B189D9776C8E;4;4;4;4;4;4;4;4;4;4;4;4;4;4;4
8C5382BF-B301-4418-B91A-514A90D49ACA;7;10;9;6;10;10;10;10;10;10;10;10;8;10;10
93AE2A5B-5044-440D-8910-4F8182480587;10;10;10;10;10;10;10;10;10;10;10;10;10;10;10
04F2B9AD-B5E1-4EDF-9FB8-0598E892A907;5;6;6;9;4;6;6;8;4;7;10;10;10;10;10
C4C866F1-633A-4508-ABFB-F8A26563E3F8;10;10;10;10;10;10;10;10;10;10;10;10;10;10;10
E5408915-07A2-4E0B-8938-E0A4EA4FBDFE;4;4;4;4;4;4;4;4;4;4;4;4;4;4;4
85E841C1-78C3-4A00-8BEA-628821D55EC0;3;4;4;4;2;2;5;4;4;3;3;4;3;5;4
273D32B7-7E00-44A9-8040-06524BA12ACE;4;6;6;6;6;9;9;9;7;7;9;9;9;4;1
DD7B0B40-A776-4B09-97E8-99E5FE460FAA;8;8;8;8;8;8;8;8;8;8;8;8;8;8;8
277C257D-5D7E-43B0-9EA0-7309945DC06A;7;10;9;8;9;8;10;10;10;10;9;10;10;10;10
C0D577F9-CA90-4236-B7BA-44101D7F63E1;7;7;10;6;10;6;9;10;7;8;10;7;10;8;10
BF0BBF40-898A-4DBE-93F6-CBE0D1D18DEB;10;10;10;10;10;10;10;10;10;10;10;8;9;9;9
ABE76EE2-5207-4263-B160-5C9030BFF89B;null;null;3;3;3;4;4;4;4;4;4;4;4;4;4
5950708E-22CB-4014-9FFE-DB8FDBFAFA80;null;null;null;null;null;null;4;3;7;7;6;3;3;2;4
0E7152CA-0707-4F3A-953B-327C73871E02;4;6;5;6;6;5;5;6;6;6;5;6;6;6;5
DD259E69-B402-4EC5-9B02-B1C0383EE517;7;7;3;3;3;3;3;3;3;3;3;3;3;3;3
0B8277CD-5D5B-42E2-BE13-5E6492A669ED;5;5;4;3;3;3;3;3;3;4;4;4;4;4;4
CBC7135A-CD8A-4B6A-AF66-A4F2AE0C1F47;7;8;8;9;9;9;8;8;8;10;10;10;9;9;9
A856D6A6-270A-40E8-AC9E-68012FAE1365;3;4;3;6;3;8;9;3;6;5;6;7;6;8;8
8717070A-BCD2-40D0-A204-A28AD7CEA55D;1;7;7;7;3;7;9;5;8;7;9;3;5;5;5
FF5CF43C-C82D-44FE-8C5F-F83FDE9D3CE6;6;5;6;7;7;5;7;7;7;6;8;8;7;8;8
B719454F-F8B3-46D9-8950-716D3FBBB227;4;4;5;5;5;5;5;5;5;6;5;5;5;5;5
13A25BC3-32AB-4847-BC21-EB2CB36C9E27;3;7;5;7;5;3;6;5;6;5;6;5;6;5;6
CF8F17BE-1848-402A-9B3F-55C054A2B5B1;5;5;4;4;4;5;5;5;5;5;5;6;6;6;6
EAB2F63B-987C-434F-A591-65348F4D89FB;3;8;6;6;4;3;8;4;6;9;8;6;3;3;3
8A43E065-D9BE-44F3-824D-DAABD9D7D869;4;4;5;5;5;5;6;6;6;6;6;6;6;6;6
401A354A-261D-4252-A4BC-118F6E04D4A8;7;9;9;9;10;7;10;10;9;10;10;10;10;8;10
84459453-EC6F-4B6C-AF41-B1237887C756;8;7;7;6;6;9;9;8;3;9;9;9;6;10;8
38D81AB4-AECB-4848-A5BB-05200F8E7D8D;6;6;8;8;8;10;10;9;7;7;10;6;9;7;null
80AA8E1C-B9B8-4C66-B39E-2903BBEBE297;4;4;6;4;5;6;6;5;5;4;4;5;5;4;5
C2997398-0AD1-4F1B-B73A-2705CD90BC63;4;5;5;5;5;5;7;7;7;7;8;8;8;8;7
8DC2EAE8-3B3E-4385-ADB7-D5CA99E0B862;6;6;6;6;6;6;6;6;6;6;6;6;6;6;6
B6BF34C9-0F98-42D5-9575-BFE3ECEEA878;6;6;6;6;6;6;7;7;7;7;7;7;7;7;7
8CBB6761-ECE2-4CC3-B113-D0CB889A064B;4;3;4;3;4;3;4;3;4;3;4;3;4;3;4
94C7B835-EC94-4AE6-A389-BEBA9259AFDB;5;5;5;5;5;5;5;5;5;5;5;5;5;5;5
C02F620A-4DE4-44EC-833E-F7C73E2BBD5C;10;10;3;10;10;10;10;10;10;10;10;null;null;10;null
DAB7EAF1-EF7A-40FF-A529-8DF4CD40D45B;7;7;7;7;6;6;7;7;7;8;6;8;9;8;8
66ED926E-7A17-45E3-A966-62F6239D815D;null;1;null;5;2;2;1;3;2;3;3;3;3;3;3
DF764103-4F7D-4F02-9361-884271B7CC11;4;3;3;4;6;5;5;6;5;5;6;5;6;6;5
795DFF07-9883-44D4-AC72-253025AC8892;5;8;6;6;6;8;6;6;6;6;5;6;6;6;7
410CE906-F2D7-41FD-BDBD-B918DFC259F1;9;9;9;9;9;9;9;9;9;9;9;9;9;9;9
647F44C7-8D50-464C-815C-35614453A74C;9;8;9;8;9;6;9;10;8;10;9;9;8;8;9
6BC07C44-D04B-45AE-A61E-A41F989D83C0;2;6;7;8;6;4;1;null;3;2;5;7;7;6;4
623F0022-061C-433D-A7BC-A5A7FB5FD976;4;4;4;4;4;4;4;4;4;4;4;4;4;4;4
16ED9259-330B-486B-80D2-74F99F773B84;2;4;4;9;9;4;9;4;4;10;9;9;4;4;4
5B05AEA3-FCCA-49A4-9BB4-0856D6BAA952;2;5;3;5;5;2;5;5;2;2;4;2;5;3;9
2C2C09D6-41BA-4C96-98BE-FF669ADE2422;10;10;10;9;10;8;10;8;10;8;10;8;10;8;10
D3D95C14-88FC-45B3-A4E5-805A498F8DF7;8;8;8;8;8;8;8;8;8;8;8;8;8;8;8
87089BB8-B6F6-47A4-A9D2-2B05AE9AEB3D;6;3;2;5;6;6;9;7;7;7;9;9;6;7;6
DADC80B1-A8EF-4CF7-A939-AA8D6EA9E696;7;7;8;8;8;7;8;8;9;9;9;9;9;9;9
78AE0E6C-672E-4477-B727-07D0951FA221;5;5;3;3;4;5;6;5;6;6;6;6;6;6;8
D4466AE1-D936-46A1-A784-A7DAE076D5C4;8;7;6;7;5;7;6;5;5;5;7;5;8;7;5
19277FF9-88F5-43B7-BCF6-8240DEB506B6;6;10;10;6;6;6;6;10;6;6;8;8;6;10;9
31A46301-20A8-4039-8EFF-2CD3B23A7D80;5;4;1;2;5;7;7;6;5;7;6;7;6;6;5
28221476-E8FD-43AF-B591-0F26C707DE91;10;5;null;4;4;4;7;6;5;9;9;9;8;8;8
468440D4-DF65-46BC-A1AD-FF35688BF550;8;7;8;7;8;8;8;7;7;8;8;9;9;9;10
5FCF2056-8AE9-4AD1-B60D-FB506A0D17A3;null;4;2;7;7;8;8;8;9;6;9;8;8;9;8
858CF276-55D1-447D-B1B6-40594D04F6B8;8;7;8;8;8;8;8;8;8;8;8;8;8;8;8
31A5C1D9-A07A-4FC3-A21F-F669BCD090F2;10;10;10;10;10;10;10;10;10;10;10;10;10;10;10
5C72FCDB-62FE-4D5F-B81C-E4998658292B;2;2;2;2;2;2;2;2;3;4;7;7;8;10;10
4DEF4504-7ED8-4378-9D83-C030782CA3B5;9;9;9;9;9;9;9;9;9;9;9;9;9;9;9
8119F1A7-5A83-4815-A61C-13A9626225F8;2;7;10;10;10;3;9;10;9;10;10;8;10;10;10
A5F525F1-2B7E-4A01-B185-D2DB48060C11;10;10;10;10;10;10;10;10;10;10;10;10;10;10;10
09BF559E-D152-49F3-A958-CA0BBBCD806A;3;5;2;4;4;7;7;8;8;7;7;7;7;5;8
B111135D-9588-4E3B-9BD5-EDA3248EDA39;9;9;9;9;9;9;9;9;9;9;9;9;9;9;9
BD166B4D-5154-4857-B3AC-9B030AA007BB;2;8;3;8;8;8;8;8;4;8;8;6;7;7;7
013129DF-34DC-4D90-876A-18350D15085F;9;9;9;9;9;9;9;9;9;9;9;9;9;9;9
1656DB10-810E-410A-A008-FE4DF56DB4FC;1;1;2;2;2;2;2;2;2;2;2;2;2;2;2
3480951A-B0C8-4D2F-98D4-40C2B62703E7;4;4;4;4;4;4;4;4;4;4;4;4;4;4;4
64F19C0C-E04A-461C-AD2B-4D8727AEDC65;6;9;9;1;10;10;10;10;8;10;10;10;10;10;10
C8758E47-5E0C-4E49-B879-168C0BB4017D;2;5;2;6;7;3;4;5;1;6;1;6;null;3;10
6EA86263-1401-4145-9D62-36FE13F11A69;7;8;5;6;7;9;9;7;9;10;10;10;8;10;8
B7261037-06CD-4244-9242-0CBD0584B1A4;7;9;4;5;8;10;10;10;10;10;10;10;10;10;10
459E9AC6-8695-453A-96F1-A27785608A42;5;5;5;6;6;6;8;7;6;6;6;7;6;7;7
91EED1BA-07A3-4768-92C6-0D0443B0B604;null;10;10;10;10;null;10;null;10;10;10;10;null;10;null
C5478C63-3D42-4635-B6C0-D2CA21FA5666;8;8;8;7;8;8;8;10;8;10;9;10;10;10;10
53850400-A95D-4B4E-A582-7FFBE378E57E;4;3;3;4;4;6;4;5;6;4;5;4;6;4;4
0F142818-B99F-4348-BF91-CAC2D1745F00;10;10;10;10;10;10;10;10;10;10;10;10;10;10;10
9A300475-495B-4DD1-870B-BB8F8D1B510A;6;6;6;6;7;7;7;7;7;6;6;5;5;5;5
62868489-5876-4B3B-A5A2-7F12407A99E1;7;7;9;7;7;8;8;8;8;8;8;7;7;7;7
34908F5E-7397-4399-BA56-BA36BA013320;3;5;5;8;5;5;3;3;6;5;3;3;6;6;5
4F779BEC-3B6B-43E7-9566-A9B172388631;null;1;2;3;4;5;6;6;5;3;3;3;6;3;6
6BAEF55E-7D00-450C-B6C2-E2C886DD17AA;2;4;5;5;5;5;5;6;6;6;6;6;1;6;4
1FA2455C-06EF-447A-8312-3906F3518958;5;10;7;5;7;6;7;7;9;9;10;4;1;4;10
77192F74-CB30-4C15-A076-683F869C50A1;6;8;7;7;7;6;8;8;8;7;7;7;7;9;9
6E006EC2-875E-4D95-8B86-8B77E56F70D3;6;5;4;3;4;4;5;5;5;5;5;5;4;5;5
CAFC6FE4-74BB-46FC-B9CD-D91B298B4A93;3;3;5;5;5;5;5;5;5;5;5;5;5;5;5
22EFF31D-C38E-4B23-8593-0256633C2903;2;10;7;8;4;2;5;3;5;2;3;1;10;6;5
0835C663-C2F6-4D01-89F4-188C7DC81212;7;8;8;8;8;8;8;8;8;8;8;8;3;5;5
D7A0884F-B3C0-4375-AFCB-8CA2FA2F222F;7;7;7;7;8;7;7;7;7;8;7;7;7;7;8
7908929C-96A5-4FA8-B97F-6AA3DD43E252;10;10;null;null;null;null;null;10;10;10;10;10;10;10;10
FC7EC404-00CF-41DC-8575-D96FB05E2905;2;9;8;8;7;5;10;6;5;7;10;10;2;3;null
3CF2EE06-C77E-44A7-915E-AC61FC409BA8;1;9;7;9;10;7;10;10;10;10;10;9;10;10;10
794C3463-B2B6-4B1D-B8AD-CB9E2B2A5CC4;7;9;9;7;10;9;9;9;8;10;10;10;10;10;10
A25CD4DD-8CC8-4674-B907-D737CA2D8997;5;6;3;8;9;8;9;8;9;8;8;8;7;6;6
7C023A34-59FB-4F10-97E3-AE6DF1786C1D;4;4;5;5;5;5;5;5;5;5;5;5;2;5;5
3FB7B65F-9401-42F7-8CD8-37B3E35FDB47;10;9;8;9;10;8;9;9;8;10;8;8;9;10;7
1C995E60-CC0F-4B6E-B855-6EA58BA246B6;3;8;5;2;7;4;4;8;5;null;7;2;4;6;3
7C6410A1-A29B-4631-B63E-C3C05A8204C6;10;10;10;10;10;10;10;10;10;10;10;10;10;10;10
1FA8E13E-072A-47BC-A1BF-3366371225D9;10;10;10;10;10;10;10;10;10;10;10;10;10;10;10
466BC041-D110-4276-919C-476BDC9C56DF;1;5;3;3;5;5;5;5;2;2;5;5;5;5;5
C1F41FF5-FF7A-437D-B3BB-2D21C37E83EF;9;10;10;6;10;10;10;10;10;10;10;10;10;10;10
39851F05-3F4E-469A-B621-50AB9381F910;7;7;7;7;7;7;7;7;7;7;7;7;8;8;8
3CDE093F-9290-4C9E-8471-5BC65529071D;5;5;5;5;5;5;5;5;5;5;5;5;5;5;5
BAABC59D-7FB8-416C-BF4E-B31B1031B591;2;2;2;2;5;5;5;5;5;4;5;5;1;4;4
91B2EE73-B12C-44AA-AA3C-7A41D23C63E0;7;10;8;8;9;10;9;9;10;9;10;9;9;10;9
BFC5AC71-5D6A-44C5-AEE1-ED886627C8E4;2;4;1;1;7;1;3;2;6;2;2;2;5;6;null
98A70E07-3F08-4BA6-BF2F-7122CC432327;6;6;5;5;7;7;6;6;6;7;6;5;4;5;4
19BF526E-F14D-46DB-8CB1-914EBC036A7B;10;10;10;10;10;10;10;10;10;10;10;10;10;10;10
D4945AC4-127F-48F2-9A4A-4E5C46340E7E;6;7;8;7;8;7;7;7;7;8;8;8;8;7;8
2766E241-1235-4363-807F-B2DCB7C5DEB1;8;8;7;null;5;10;10;10;10;10;10;5;10;10;10
2402D56A-034C-40A0-B5C8-62E7FF8396DE;5;5;5;5;5;5;5;5;5;5;5;5;5;5;5
2A2DBDB5-8448-400F-843A-B89DA5D4524D;2;8;4;null;4;4;4;7;10;null;3;3;4;4;4
ABB5AE51-B7EB-4BDB-B1BD-04273FC3227B;6;7;8;7;7;7;7;7;8;8;8;8;8;7;8
8E672E2F-094F-43B0-8BC1-6740552BEBC3;10;10;10;10;10;10;10;10;10;10;10;10;10;10;10
1B46069A-E427-43BC-A5D7-EE727F131D17;6;10;10;3;10;6;10;10;9;10;10;10;6;9;9
CFC0544A-2FE2-4F88-82CA-216B59E196EF;5;5;5;5;5;5;5;5;5;5;5;5;5;5;5
1FDEB65C-05AC-4484-BAF3-DD1AB7390D24;9;9;9;9;9;9;9;9;9;9;9;9;9;9;9
97BBEED5-573F-4244-BD40-8A6AF0468D8E;10;10;10;8;8;7;10;10;10;10;10;10;7;7;10
38480F60-5689-43DE-A7FC-E9912900212D;2;10;5;5;4;6;4;6;6;4;4;7;10;9;7
167EE71D-4BB9-444F-8E6A-F752E6606D80;10;10;3;10;10;10;10;10;10;10;10;10;10;10;10
DF7CB8E4-FAB9-421A-AFC1-C4F8E130FB6B;7;5;8;10;10;9;10;9;9;10;2;9;9;8;8
26363158-A81A-407C-81F1-A1C121E38CB8;4;6;3;6;3;1;1;3;2;1;2;4;1;3;null
70F209AD-B3C7-42D7-BA64-932723C73DB7;3;7;4;5;8;6;6;5;3;5;5;5;3;5;1
26F63E96-0C80-4BDE-AB59-4E091904BAC0;5;3;5;4;2;1;1;6;8;9;10;1;2;3;4
C94C4738-5B95-480C-9D20-1A2B976B7E2A;7;7;6;5;7;9;10;10;10;10;10;10;8;7;10
3C754A35-2364-4EFF-8C02-C10047AD6DDB;5;5;5;5;5;5;5;5;5;5;5;5;5;5;5
C2AAEA75-5897-4766-B062-E43C7F493A90;4;9;8;9;8;8;10;9;9;8;9;9;9;9;9
38A61AC0-1927-431A-8B6B-256BFD072DEC;9;10;10;10;10;10;10;10;10;10;10;10;10;10;10
1EC6565C-837C-41DD-836C-38047209946A;3;7;3;6;7;7;7;7;6;7;7;6;7;8;8
508A0525-A175-4E5B-AB21-44B619E65CD6;8;7;8;6;6;7;7;8;7;8;7;8;8;8;8
40F38F72-2D9B-42BF-9065-58D766D6A8F6;7;5;5;6;7;5;9;8;5;9;10;10;8;8;8
1F5D073B-FB82-4D56-B576-DD0220F61796;3;9;8;6;10;10;10;7;10;8;5;8;10;10;10
E4B0228D-294E-4E65-A67A-EAD3A8D40871;10;10;10;10;10;10;10;10;10;10;10;10;10;10;10
A6ED4529-859A-43B7-97C4-D5F937B44F74;1;7;2;3;1;7;10;2;1;3;4;3;null;6;9
85B4735E-C361-4406-AABD-A8192EA3703A;3;1;2;2;2;2;6;5;2;3;3;2;2;2;4
944FE793-F1DA-4666-B111-29211A6BFB0B;7;10;10;9;10;10;10;10;10;10;10;10;10;10;10
53421EA8-EF27-47AF-A335-16D9D5DCD94D;5;7;5;5;7;7;4;9;9;7;8;8;6;8;3
6E1F2452-DD47-46E1-8402-2D4B39782347;8;9;8;9;8;9;8;9;8;9;8;9;8;9;9
34FC1CF7-45C5-41CD-8662-87D06500CBD0;8;7;7;8;8;7;8;8;7;8;9;8;9;9;9
FD67BED2-D505-40F7-A4F3-CE78C67ADBF2;8;8;10;7;8;7;8;7;7;6;7;6;7;7;7
00CD0F04-2996-488E-823F-8FB472B44407;1;9;9;9;9;9;9;9;9;9;9;9;9;9;9
D93F6266-0D29-4417-AE53-AF04CA3D65F9;1;4;3;null;2;4;5;3;6;6;6;6;5;5;5
A89A2499-E51F-4AA9-BA27-69A80E507839;5;2;1;2;10;9;8;8;8;10;8;8;4;10;6
943E365A-25C6-4830-AEC1-850BC02CF8FE;7;7;3;3;3;8;9;6;8;8;8;9;4;6;7
8568054E-ADB0-4E15-9BAF-A6EF7BA8569B;6;6;6;7;7;7;7;7;7;7;7;7;7;7;7
42C00F03-1B4F-49D3-BB1A-58D7A00B90B6;null;null;10;10;10;10;10;10;10;10;10;10;null;10;10
E77FCAAD-EC5D-4D5B-8738-93B8794432BF;9;9;8;6;9;10;10;10;10;10;8;9;8;10;10
E97188A0-C5EE-4C2E-ADB6-BDBDF37EC5AB;10;10;4;7;6;4;6;9;7;7;8;6;5;6;5
24717FD1-643E-43C8-897E-2B2E91F8C033;2;4;4;1;6;3;5;5;1;3;3;5;1;5;1
FD3FEDB1-AFE9-4A02-9EBA-E3DAEA1E1340;null;null;10;2;7;null;null;null;null;null;null;null;null;null;null
6325A48C-84CE-416E-8C46-98E54EA88B80;5;5;9;9;9;9;9;9;9;6;8;8;5;8;9
16DADA76-1F10-4567-BC3C-FD1F598D7675;5;10;10;4;10;10;5;10;5;10;10;10;10;10;10
CE52AC88-A610-417D-9CA9-1C9EED570302;9;6;5;2;5;6;6;8;3;6;10;10;10;8;8
D7D36EF2-FE6B-4A98-92D7-30BB5AC25AFE;10;10;10;10;10;10;10;10;10;10;10;10;10;10;10
3A8288C8-A3FC-489B-8FA1-914687212C00;null;2;3;2;10;3;3;10;10;5;10;5;10;5;5
D3CE9A64-7EDD-4DF6-85F1-7B82F06FA291;3;4;2;3;5;4;5;7;null;6;6;5;4;3;5
52E43750-243A-40B9-AB6F-A8F9E11B4822;8;6;8;5;8;8;6;7;8;8;9;9;8;8;5
837795A7-EA19-4505-A330-D6C344AC87D9;4;4;4;4;5;5;5;5;5;3;5;3;4;3;1
43DA7BFD-4B67-4B7F-9445-A502E9528029;null;2;2;3;5;1;2;7;4;3;7;5;6;null;4
52505D7D-8043-4BD7-ABAF-26F164BB993C;null;1;2;10;4;5;6;7;8;9;8;7;6;5;4
799896D1-20D1-4AFA-ABC2-DE79C42B4C6C;1;3;6;4;6;7;7;7;8;8;8;5;7;8;8
DB63CADB-AE7C-4C02-B568-10D252584974;7;10;10;10;10;9;9;10;10;10;10;9;10;10;10
6A4F5FB0-109F-4588-8CA0-18AEAF92F4A7;5;6;6;6;5;2;2;9;6;6;8;7;6;5;2
570B02C3-9DF4-4ED3-8A1F-06D5CA91E642;7;4;4;6;8;8;9;4;9;10;10;10;8;10;8
ED6E36B0-B3DD-493B-8770-E6294C5F86C6;null;10;10;6;6;3;10;8;7;10;10;9;10;10;10
2EC378F8-EABA-43E4-93A3-E9BE25283067;8;8;8;7;8;6;10;6;9;9;7;8;7;8;4
BC27987A-EF49-4B11-96DA-33AAA6F822E7;7;6;6;7;7;7;6;7;6;6;7;6;6;7;7
50B54489-F644-4456-B7CE-6865B205CDCC;null;10;10;10;10;10;10;10;10;10;10;10;10;10;10
631195A6-2D75-41DD-8389-3F73833304AD;7;9;9;5;9;8;9;9;9;10;9;9;10;10;10
C518F85E-348E-4E65-83E0-3EEF5FF720A0;5;8;8;8;8;7;10;9;9;7;9;9;5;8;6
83CED6BE-D86A-4BCE-8C47-B447723B9599;8;10;9;9;10;8;9;9;10;7;10;9;7;9;6
DF224B1A-7554-43FD-8834-9E77926B8F21;8;9;9;8;7;10;9;8;6;8;6;8;6;8;9
7464B09C-9457-4E2C-8AA8-AA2BDD5A050C;7;5;5;5;7;8;9;9;10;8;8;8;8;8;8
67DE1073-96BD-4F95-8FAA-0F960CA267DF;7;8;9;9;10;9;9;8;9;8;9;9;7;8;8
42957578-7741-4FFE-89F7-1C07A5438A83;1;3;3;5;5;5;3;5;5;3;5;5;4;5;4
46FF642D-DC76-47F3-B3B1-57F754A49A00;7;7;5;8;8;7;7;7;8;6;7;6;7;7;6
5A15360B-F184-49C7-AAA1-C23805DD187F;6;7;7;7;7;6;8;8;8;8;8;8;8;7;7
FBE7AA25-A5A0-4E06-B55F-E8E5A7914074;1;5;6;6;4;5;6;6;6;6;6;6;6;6;6
27BC6C6E-63CC-404D-81EE-47C531AC60A5;9;9;9;9;9;8;8;9;8;8;8;8;8;8;8
2BAB1BE6-939C-4371-8609-86CCD3C71BB7;7;10;4;6;1;10;10;5;3;6;7;3;5;6;4
0751570F-C2AD-4754-9E79-60E57774FC30;8;7;7;8;7;8;7;8;7;8;7;7;6;6;6
AD0E7C3C-61B5-4DC1-A4B0-0B2D8AFA84FB;4;1;4;3;7;7;8;9;10;10;10;10;10;10;10
A23DD0C1-B7CB-4F3D-AD0A-BCC0D8B5CC26;7;7;7;7;7;7;6;5;6;7;7;4;9;3;6
29B3DA5D-180F-442F-A0F2-E2571310CC11;6;9;9;9;9;9;9;9;9;9;9;9;3;8;9
EFD0B842-1C91-4DA0-9579-01D4877AB3A3;7;7;7;6;7;7;7;7;7;8;8;8;7;7;7
84C4F8D6-0E89-413E-AC76-CC29A6CDB58E;6;10;10;9;10;10;6;9;7;9;10;10;6;10;10
C443E1F8-E748-4D0D-9C1F-AC122A329A25;1;9;9;9;4;6;4;2;6;10;5;6;5;5;1
EA1489C6-132A-4C40-AA99-06D8E831DC7F;3;5;6;6;6;6;6;6;6;6;6;6;6;6;6
2C583FD4-1270-4341-A027-F35ACB825EC3;null;7;6;3;4;6;7;3;8;3;6;3;5;5;2
CA90A522-46AA-4EB1-8CBF-0B9B7ABDA706;6;7;6;4;7;8;10;8;4;9;10;10;5;6;3
2A0CE80D-A40F-41B8-A477-BFB177877443;8;8;8;9;8;8;8;8;8;8;8;8;8;8;8
D14C9AD2-EDFD-4B15-B98E-3CAF47BAFB1E;null;1;4;null;3;5;2;6;3;5;2;4;9;2;8
D73EA30F-91D6-473C-BAEF-3409C4292FFA;5;5;5;5;5;5;5;5;5;4;3;5;6;3;5
A23A4889-93C2-42EB-B1E9-E62DA6D30395;7;10;10;10;10;8;10;10;10;10;9;10;10;10;10
87507561-583B-49A8-A5B2-D9DBD9F80619;2;10;10;4;3;2;5;4;4;5;4;4;4;4;3
F52AB2DA-BBEB-4798-900F-9722D57B7CFF;8;9;9;9;9;7;9;7;7;8;8;7;8;8;9
99869BEB-2317-4A0A-B2A1-81331E09F4C0;9;9;9;10;10;10;10;10;10;9;9;8;9;9;9
72677E05-8E73-46D9-B36E-227A23A08AFC;10;10;10;10;10;10;10;10;10;10;10;10;10;10;10
06838C0C-3532-4199-A976-63490D930499;8;9;8;7;8;8;10;9;9;9;10;9;10;10;8
8C81BFFF-D377-4F11-819D-D48F3AA65481;null;4;4;4;null;null;null;null;null;null;4;4;4;null;null
4BE93EA4-C0D0-4644-A9DA-603D90BBA04A;7;7;7;7;7;7;7;7;7;7;7;7;7;7;7
DBEEA878-3C84-4A95-8A1C-7C30B7FC16E6;10;10;10;10;10;10;10;10;10;10;10;10;10;10;10
A1AAB5A5-E8B2-457C-884B-201E9FE844E4;4;4;4;4;4;5;4;4;4;4;5;4;4;4;4
E8083AD6-9729-4899-B4C9-0B7CA157C94A;10;10;10;10;10;10;10;10;10;10;10;10;10;10;10
A84F91B2-BF6B-4274-9957-EDF879E33EC3;7;3;7;5;6;6;6;7;7;7;8;8;8;8;8
6563C12D-150C-4197-BA4B-4D7E26D60733;6;5;6;4;4;6;6;4;6;5;6;4;4;4;3
092AF438-2D33-404C-BF3F-942A42908D54;10;10;9;9;9;9;9;9;9;9;9;9;9;9;9
34FA71E3-7D88-4419-BEBB-AD7DA8922FF7;5;4;5;7;4;6;4;5;6;4;4;7;6;8;6
2DBCA18C-5716-4A10-8FEF-5C8EF1EAA90E;4;4;4;4;4;4;5;5;5;6;4;7;8;7;9
A6FB06DC-D71D-418C-91CE-C0B0677BC89B;8;7;7;9;6;7;6;6;8;7;7;8;4;6;8
09D2A3C0-E113-4927-93F2-9F4935C4DAE1;4;4;4;4;4;4;4;4;4;4;4;4;4;4;4
20B101F4-2B01-4053-AE2D-B3DEBB6BFC68;4;7;4;7;6;5;9;9;3;4;9;9;5;5;4
A0BE4C31-3034-4ED7-83A0-7AAA53F38621;6;8;8;9;8;6;7;7;7;9;10;10;6;7;5
9AAAA998-02B0-4581-B08B-6A42C78E1483;5;4;7;5;7;6;6;5;5;6;5;5;6;6;6
63DD411A-0D8E-4B37-BCF4-91A353024B2D;7;7;6;5;7;7;9;6;8;8;9;9;8;8;8
1524E19A-6258-4DEF-8D93-D9890B9F82E1;7;7;7;7;7;7;7;7;7;7;7;6;7;7;8
35BDDF4D-1F8E-4D99-92FC-7D075655A515;4;3;4;4;1;4;null;null;null;1;1;null;4;null;null
EC05A200-41BD-467A-AA76-78DD798E72DB;9;9;9;9;9;9;9;7;9;9;9;9;9;9;9
5853066F-FAE0-439E-9DF0-BBB200B69839;8;9;9;7;9;8;9;9;9;9;9;9;9;9;9
C0FAD1E0-B610-4297-9633-BAD280A10657;5;5;5;5;5;5;5;5;5;5;5;5;5;5;5
35510B88-6EED-48A6-B703-6492F1023D32;8;8;8;7;8;9;8;8;8;9;9;8;8;9;8
00194C53-1D3F-4CF8-9C82-09231AF37F27;5;7;2;2;5;10;10;6;3;6;9;9;9;9;9
C83D65ED-6D23-425E-BC23-0919B4A8A643;2;6;5;1;9;3;8;6;7;8;10;7;4;5;8
E761C71C-4CE5-4073-934B-56D6E114E9EC;null;1;2;3;4;5;6;7;8;9;10;9;8;7;6
B655D417-A54E-4FD8-AFD7-8DC7F17C74B7;10;10;10;10;10;10;5;10;10;10;5;5;10;10;10
35871236-39D2-4A8C-9C69-7D7C163AD94A;6;6;6;6;6;6;6;6;6;6;6;6;6;6;6
7920DB08-6A3E-4611-A957-599A80DF0690;8;9;8;8;9;9;8;8;8;9;8;8;8;8;8
4FC5D6C2-3E27-46FC-9FEB-F2E21B36730A;4;8;8;7;8;9;9;9;9;9;9;9;10;7;8
224275B8-AA78-4EC6-BE9D-0D2E7608CDAB;5;5;5;5;5;5;5;5;5;5;5;5;5;5;5
42ED1375-E8FC-4673-8137-2BB628AC6032;3;10;10;8;4;7;7;5;6;4;5;7;5;6;5
DF89A767-DEB5-408C-908F-42CB2A9A0EB1;5;6;6;6;6;7;7;6;5;7;7;7;7;7;7
430AC434-48C6-49FC-973F-940CC6DBE01F;3;2;1;7;8;5;10;3;6;9;8;8;3;7;6
C96E863C-8100-46CD-B12A-BD2F847D1ACE;4;5;3;9;7;7;8;7;6;9;4;7;9;8;8
2E3A214B-A5AE-469E-B735-A3E3093A5805;10;10;10;10;10;10;8;10;10;4;5;10;10;10;10
3E48F3A3-51DC-4AF6-9D99-969FE008F548;10;10;10;10;10;10;10;10;10;10;10;10;10;10;10
5B603FE6-6D27-44DC-B559-BD5163DE1EF2;8;8;9;7;8;9;8;9;10;10;9;9;8;7;9
88FA3098-7345-4304-B760-890957C4B6C9;4;7;6;7;7;5;10;7;9;7;4;5;10;7;8
359E0999-7235-4E47-850D-F18E20B8395B;8;9;6;4;7;8;10;9;9;9;9;9;9;9;7
F684D605-A967-48BE-A9C4-E877C731913A;10;10;10;10;10;10;10;10;10;10;10;10;10;10;10
E0044BAF-E205-4B71-8B6B-C4616D1286A6;4;1;1;3;1;1;1;1;1;1;1;1;1;1;1
3BC2D43D-D248-4437-A4BA-987B323A1405;10;10;10;5;10;6;8;7;8;10;10;10;10;10;10
F88C944B-03B5-4B8E-8100-EBAAF52A198F;2;2;2;2;2;2;2;2;2;2;2;2;2;2;2
49C942F1-AC6F-4610-925F-126902B14B1C;10;10;10;10;10;10;10;10;10;10;10;10;10;10;10
6AB3FC47-CCE9-4874-8CE8-DB6B504810C5;5;5;5;5;5;5;5;5;5;5;5;5;5;5;5
71325845-C25D-476E-8821-D37924C0A7C3;4;4;3;3;4;3;3;3;3;4;4;4;4;4;4
5B9B85CA-9EAB-4AD3-9A93-4932A37D3D08;2;2;null;null;3;null;null;null;null;null;null;null;null;null;null
E2865DA0-DA8E-4F34-80F6-70D394B89199;7;7;7;5;8;9;10;8;9;9;10;10;5;6;6
80C2F1B1-93E3-4210-A015-571FEB388478;9;9;9;9;9;7;9;9;9;9;9;9;9;9;9
2AAA3E66-275B-45B2-8A46-DE7F6CB3D1D8;5;6;6;6;7;6;7;6;8;9;8;9;9;9;8
10F1B0D4-46ED-4AEE-AA21-8783770666DB;4;9;10;10;10;8;10;6;9;10;10;10;7;8;9
5B9E54A9-7603-4EB3-94C5-1CA6AE17AFF3;5;3;6;3;6;3;7;3;7;3;7;3;7;4;6
351B68C3-4632-4D70-B3DC-BAF87A863C7C;5;5;5;5;8;7;10;10;9;10;10;10;10;10;9
46126CA1-DC46-478F-9B38-1173EC9F87D6;10;10;10;10;10;10;10;10;10;10;10;10;10;10;10
47D79114-8214-4852-B62F-AA4B9F2BA24B;8;8;8;8;8;8;8;8;8;8;8;8;8;8;8
10743B22-630B-4ACD-8C09-A66A4DE145B6;7;7;8;7;8;7;7;8;7;8;8;8;8;8;8
E7C2715B-0A8A-47C7-AD10-6E0F1B38D4AD;8;8;8;8;8;8;8;8;8;8;8;8;8;8;8
8E0D4869-1BB1-4A8F-BD80-DB70CD040B62;10;10;10;10;10;10;10;10;10;10;10;10;10;10;10
68E8A762-70B7-4BC8-A93B-DE0AFE3FBB9D;4;8;4;8;5;8;6;8;9;6;6;7;6;6;8
5AC89013-8638-4559-BABB-F5CC734FD3F4;1;2;8;2;8;1;3;4;6;5;4;7;1;5;4
8900D00A-EA88-4D47-8E99-F6FDC0CF0CD1;5;5;5;5;5;5;5;5;5;5;5;5;5;5;5
121E808B-563A-4172-A31B-F09AE5F67187;5;6;5;5;5;5;5;5;5;5;5;3;6;6;5
B60EC5B1-E8E5-4525-8F90-5B3692B879FA;8;7;5;8;10;10;10;10;10;10;10;10;9;9;10
06C6F5D8-FAED-4680-AFA7-B2478326F71B;null;4;4;null;4;4;4;4;4;4;4;4;4;4;4
CEB2D6C3-0317-43DC-9BAA-F8B3C2A58F12;3;5;5;5;5;5;5;5;5;5;5;5;5;5;5
C10170B5-2CEA-4797-84AA-345F0F7CB558;3;2;3;6;5;2;8;3;3;4;4;4;3;3;2
5C9C974D-0DB9-4012-B0EC-91C5AF5F9D84;10;10;10;10;10;10;10;10;10;10;10;10;10;10;10
81C68285-0AC5-4BF4-BA8A-4036A974A575;7;7;3;5;7;9;10;5;8;9;7;9;8;6;7
35A36C96-8E9F-4F04-85CC-8B01FDA18625;4;5;5;5;7;7;7;5;8;8;8;8;8;8;7
1CC0F02F-C695-4128-B311-12F8AEFBB1C1;1;6;6;6;6;6;5;8;9;8;8;8;8;8;9
60399E00-AABC-458A-9BBB-34DCC1660B74;3;4;4;3;8;7;9;5;9;8;9;9;4;6;4
F473E8E4-5FA2-4338-8D1D-E4A796A80A80;8;6;8;7;6;8;10;7;8;10;9;10;10;10;10
5AFA4A22-7886-401E-B4D3-AB70A6BC513C;9;2;2;2;4;2;2;2;2;2;2;2;2;2;2
FA6F2EDE-C479-453E-BEA2-E3BC788AA2D7;7;8;7;8;7;8;7;8;7;8;7;8;7;8;7
98575ECF-7942-41CD-A454-54C6F83601B5;6;6;6;6;9;8;8;8;8;8;8;8;8;8;8
1897F985-A9C4-4FB7-A965-EE8993E7B0CA;1;1;4;4;4;4;4;4;4;4;4;4;4;4;4
50A83E45-5CB3-4079-98DC-4ACE746B7516;8;10;5;5;9;10;10;9;7;10;10;9;8;10;10
AF0710E4-DB74-4388-AFB4-1E80DCBB22F5;9;8;6;9;8;10;9;8;9;9;9;8;7;7;7
940C7F45-473A-4223-87DF-96161D4FE48B;null;null;null;null;null;null;null;null;7;null;null;null;6;1;null
F71CF6F2-8888-4B32-8BE7-6BA990F20DF5;null;3;null;6;7;3;10;5;8;10;10;8;6;4;1
695B2ABF-B2BD-47C2-9BF0-A7AFA02A35FC;null;4;4;4;4;4;4;4;4;4;4;4;4;4;4
531BE60B-2B1A-4803-A8F8-D9A6493EF1FB;5;8;8;6;8;7;7;7;7;7;8;9;9;9;9
282FA8D1-71DA-4B96-9C9C-6CACF36A957C;8;8;8;8;8;8;8;8;8;8;8;8;8;8;8
D3649395-038A-49C0-B25A-C522B61A2D9A;6;7;6;7;6;7;7;7;7;7;7;7;7;7;7
6A238611-5A2D-40F7-9FE8-C3E95491F336;null;null;4;4;4;4;4;4;4;4;4;4;4;4;4
1228143A-8F9A-4EC4-8359-D80EDD91089E;3;3;3;3;3;3;3;3;3;3;3;3;3;3;3
40DBCA90-BF5E-42F8-BB6C-2D6194C9A132;5;5;5;5;6;6;6;6;5;5;5;5;5;5;5
48E0B00B-9336-42D4-A7B5-FF120CFDC8EF;9;9;9;9;9;9;9;9;9;9;9;9;9;9;9
0590D68E-0009-4314-ABEE-3C8F02E5BB4C;6;8;6;9;10;8;8;7;9;8;7;8;8;7;7
C04BB1DF-C149-4EB7-83F9-AD5202E03719;10;10;10;9;10;9;10;10;10;10;10;10;10;10;10
7E3DC1D3-60C6-49DE-A4CD-14D91595953D;1;1;4;4;4;4;4;4;4;4;4;4;4;4;4
17BBA8D9-E2C3-4028-85AC-EA60EA4E0852;7;7;7;7;7;7;7;7;7;7;7;7;7;7;7
F3483771-9C92-4884-AF57-90C05FC2F817;3;3;3;3;3;3;3;3;4;4;4;2;2;4;4
13D46565-3D3C-4AFA-93E3-6D18775C56ED;8;9;10;9;9;9;10;10;10;10;10;10;10;10;10
EA31BE08-5706-461F-BC87-61E7299E3350;8;8;8;7;8;8;8;7;8;8;7;8;8;7;8
7FBF63A4-E4F1-4621-B242-76F21AD08DD3;1;9;9;1;4;1;9;3;null;10;5;5;5;9;10
65B51E63-A0D3-42B1-BAFF-D4BF91F37F7E;1;1;3;3;5;5;5;5;5;5;4;4;2;2;5
4116F2C7-3189-472B-8778-6A29759B11B0;null;null;null;3;5;5;5;5;5;5;4;4;2;2;4
B5E51BA0-2AA9-4E21-A80B-A9DC41765F8D;5;10;10;10;10;10;10;10;10;10;10;10;10;10;10
629D8AEB-1E42-4CC1-AF8E-DCF04B0BCAFB;1;2;3;3;2;2;3;2;3;2;3;2;3;3;3
FE4CC242-DAFB-4A4A-8933-C826861DFD8A;7;10;9;9;10;7;10;7;7;9;8;8;4;7;8
67A8ADCA-EE38-4272-8492-BA99C61C6A9B;null;null;1;1;2;2;2;3;3;3;3;3;2;2;2
FEBA0D93-F7A6-40CC-B7CB-118BD581A0DA;4;4;6;6;6;7;7;7;7;7;7;7;7;8;8
AF8EDBB7-4F5B-4C54-A3E5-5BAC0128402A;3;3;3;4;4;4;2;2;2;4;4;4;4;4;3
B2AF8FCC-1F0D-4FB4-8C3F-B2DB1DC215C3;1;2;2;3;3;3;3;3;3;3;3;3;1;1;1
A950BEC2-79F4-42C8-8474-7363057BDB41;7;3;4;6;6;6;10;6;8;7;3;6;9;7;6
87E9AEF1-3068-4F03-9C1F-F4DCB32C483D;10;7;7;7;7;7;7;8;7;8;6;8;6;7;7
D5C97976-6102-4EDF-ADFC-C975AD47E792;1;6;3;5;10;4;8;4;3;4;7;4;7;7;3
ABCD6395-B519-4B5F-AF77-2B962369FFBC;3;null;2;7;8;9;5;3;3;6;6;5;5;6;7
D031E25E-0891-4144-ADA3-76D15D9E23A6;9;10;10;10;10;8;8;9;8;9;9;9;9;10;10
C5EA21F9-AC94-48C7-AF8F-4198E0EC1098;10;10;10;10;10;10;10;10;10;10;10;10;10;10;10
D2D518B1-685B-453C-AADD-7B83B2E2DFA4;3;9;6;null;6;1;null;9;4;9;null;null;5;10;6
817014CA-796B-4C0F-9D65-0118EBE5EDB6;3;6;6;7;5;4;7;3;7;6;6;5;7;8;6
65CC711A-F2E9-4ACF-A15B-5BF1A065DA8C;null;10;10;10;null;null;9;10;10;null;null;null;10;10;null
211FDA12-0E26-4489-B5DC-DCF491E82F61;2;2;4;4;5;5;5;5;5;5;4;4;4;4;4
66DEFED0-03BE-472E-B845-F15E4284E060;8;8;8;8;8;8;8;8;8;8;8;8;8;8;8
8213CC32-A2FA-4255-9F5D-C1499507E6C8;9;9;9;9;9;9;9;9;9;9;9;9;9;9;9
27A4BBBB-E6EF-4E77-89B8-4CC33E50338E;3;5;3;8;6;6;6;6;6;6;6;6;6;6;6
91D6AA6D-0351-4E6D-BB88-248E48FD20E5;10;8;4;8;5;8;5;8;8;6;7;8;7;8;5
924DF178-2200-41D0-BF02-A5E1CE531FF1;10;10;10;10;10;10;10;10;10;10;10;10;10;10;10
5025B188-2A3D-4AED-81E3-A548A2E9EEEE;3;7;5;6;9;8;8;8;8;7;9;7;8;8;8
F42B5785-557D-4FE8-82BC-790352AD53CC;10;10;10;10;10;10;10;10;10;10;10;10;10;10;10
A1B891E4-AC63-4221-8640-F8539FB594E9;2;2;null;null;5;10;10;10;10;10;10;10;10;10;10
98012198-B561-4C1F-B345-FFB810AA64E2;2;2;2;2;2;2;2;2;2;2;2;2;2;2;2
FEB53C3C-F9E8-4DB8-A3A2-8437813E3121;8;8;8;8;8;8;8;8;8;8;8;8;8;8;8
A0ED9070-DB56-45D0-89CA-27BCE2CE078C;7;8;7;5;8;7;7;8;7;7;8;8;8;7;8
B78A639D-EE16-499D-9FBF-A39F52B0A254;7;6;6;4;7;6;6;6;6;6;6;6;6;6;6
4024BEEE-1172-42BB-A7D6-49D2F15328B2;null;5;6;5;5;6;5;6;4;5;4;6;4;6;4
47AA7A1D-ACA8-475F-8D55-934D277A2DA0;3;3;5;5;4;4;5;4;5;4;4;4;5;4;5
BFD51952-51AC-4D62-B9E0-7FCDAB559484;10;10;10;10;10;10;10;10;10;10;5;5;6;7;7
4AB1F7BA-1A39-4BAF-936C-41F04D45E29B;2;6;6;9;9;9;9;9;9;10;9;9;8;9;8
6236DCB5-AA1C-48E3-90E7-ADBC109160C1;5;8;8;6;10;7;10;6;10;9;10;8;8;8;9
4E45942D-4181-4F7B-8528-55F53DF30B44;6;6;4;5;6;4;4;4;3;5;6;5;5;6;4
A62A6DBA-1F99-46E3-9A44-7D22D402A12A;7;10;10;10;10;8;8;8;8;10;10;6;6;7;7
475550F9-F3E4-42F3-A222-406A340F6A72;6;6;6;6;6;6;6;6;6;6;6;6;6;7;7
1D53EA7D-C600-4F6B-A6B7-EF8F895EF8FF;10;10;10;10;10;10;10;10;10;10;10;10;10;10;10
15F1EC14-5269-44A7-B35E-961CDD45048F;5;5;5;5;5;5;5;4;5;5;2;5;5;4;5
98FCD16B-CA4A-4C3B-9978-CCF58604ACE1;2;8;4;5;7;3;6;5;5;6;6;8;8;7;8
47325D78-397F-4CFF-A72F-D6D16423C507;6;7;7;7;8;8;7;8;8;8;8;8;8;8;8
A6A013E8-9884-4147-A367-E20063136E68;6;7;7;8;7;8;7;8;8;6;7;8;7;7;7
9446E2B0-0D3F-419E-8C41-4DED511C73CF;6;4;4;5;7;5;7;6;6;8;7;7;7;6;6
14605A5F-AFE1-412A-ABF7-E15D63EBB2B2;10;10;10;10;10;10;10;10;10;10;10;10;10;10;10
C30F8674-8D0C-4865-B042-1C2451A0B7F9;7;6;4;8;1;1;1;3;1;1;2;1;1;2;3
2550B5E4-7D9E-4B52-82F0-67619C80B509;10;4;3;null;2;2;1;10;6;10;10;10;10;10;10
7D07C76C-8227-466A-A133-C76EB4193C5F;3;6;8;9;7;5;10;8;8;7;9;8;7;7;7
DCEA61C7-34D8-4F69-9961-A143D2B5BEFE;4;4;7;5;5;5;5;4;5;6;6;5;6;6;6
3E87EA26-3191-4004-82AE-93E079E58F43;3;4;2;2;3;5;4;3;4;4;2;3;3;3;4
D883F66A-5A39-44A5-810F-15B675673CB0;8;5;2;3;3;5;7;8;2;4;3;3;null;null;null
5D02AFF6-11C7-41A8-B011-963F5E46A0CF;2;2;4;2;6;4;4;4;3;3;3;5;4;5;3
329BFA66-6641-433C-8737-D24704DE6CA2;5;7;7;6;6;6;8;6;7;7;7;7;7;7;7
273965B8-C1C3-4A1A-83E6-FA8A96C25754;2;8;7;9;7;6;10;8;8;10;9;9;8;8;8
4B10CBD9-68D1-45C9-AE73-43AFD1433AF2;2;1;1;1;1;1;1;1;1;1;1;1;1;1;1
81B3F267-FF4C-4684-9DED-8E3047C3F425;2;2;3;3;4;4;4;4;4;4;4;4;4;4;4
A3D4C731-C851-4F4E-A975-30B6FBAEC49B;null;1;1;2;2;2;2;2;3;3;3;3;3;3;3
C83149EE-CCE6-4D12-B3D7-3DB27D59303B;6;7;7;8;7;7;8;6;7;8;7;7;7;6;6
A70C2A84-5EA3-435E-A9F7-72301294A99B;7;7;4;4;7;5;6;4;5;7;6;4;4;5;4
554F8F5B-D7BA-4897-9982-4AA18D400556;1;1;5;4;3;3;3;3;3;4;4;4;4;4;4
D4E13756-B55E-44D4-9D19-D7D2EE66DB92;9;9;9;9;9;9;9;9;9;9;9;9;9;9;9
2B0A6305-1BEA-4A16-B8EF-986175A3C8EE;7;10;10;10;9;8;8;10;10;9;10;10;10;10;10
CF7C570D-3A96-4F6C-8631-E793ABF49594;10;10;10;10;10;10;10;10;10;10;10;10;10;10;10
076913AA-6D8C-424B-82E3-C20A3075ADF4;6;8;8;9;9;9;9;9;9;9;9;8;5;5;5
B7CB2664-5B2F-4B55-867B-F644E74FBB67;9;10;9;10;6;10;8;10;10;9;10;8;8;10;10
2DA4D062-E45B-4496-9EB8-B876BA2AE028;7;7;7;7;7;7;7;7;7;7;7;7;5;7;7
FABC0952-672D-4FE2-8993-A01D3A79E931;4;8;8;3;8;8;8;10;10;9;10;10;10;7;8
483F2D55-D31F-476A-98E1-789C369D2339;4;10;10;9;10;10;10;10;10;10;10;10;9;10;10
02AD8908-F3EF-4BAB-86E6-AF65212B07F7;4;7;5;7;6;5;7;6;8;4;9;9;8;9;7
7484B3CD-A66B-449B-8137-2232F288EC4F;2;3;3;3;4;4;4;4;4;5;4;4;4;4;4
0C7D869A-F672-4F44-B395-72EC7A35A01F;7;8;8;8;8;7;8;7;8;9;6;7;8;7;7
086EE882-D357-4263-A573-15E75F53F4FF;5;5;5;5;5;5;5;5;5;5;5;5;6;7;5
0D5A7EDB-A4D6-4251-B208-40CCE49A02FA;7;10;7;10;8;10;10;7;8;8;10;8;6;10;10
690BAA05-A6F2-44B5-92F8-5AD49EBC91EC;1;1;1;1;1;1;1;1;1;1;1;1;1;1;1
A28B0DD8-3B8C-43C4-8057-EE29DCAEEC04;3;3;4;4;4;5;5;5;5;5;5;5;3;6;6
F48E2F1E-078B-4E11-A899-7CEF5F58785F;5;4;3;5;4;5;4;5;4;5;3;7;4;4;4
4470E32A-3F2A-47DB-88B2-53717A478068;7;7;7;7;7;7;7;7;7;7;7;7;7;7;7
1B8842EE-0186-4AED-8866-2B758DA21767;7;8;9;7;8;8;9;8;9;9;9;8;8;8;9
7E643FA0-62CD-4070-9E2A-2AF15BCADAFF;8;6;7;7;9;9;9;8;8;9;8;9;9;9;9
092B7BE8-E5A4-4047-8D08-A07E5D76AFDD;5;4;2;3;8;7;8;8;8;8;9;7;8;8;8
AAB84B14-60E9-4C66-A853-27CFA6F1E37B;4;4;5;5;5;5;5;5;5;5;4;4;4;4;4
CEED4F96-C0F8-4242-A9D2-0A4325111930;3;3;2;2;4;4;7;2;3;8;8;7;6;6;6
6E35564E-80CC-460F-A4EC-9B4F9953824B;6;6;6;6;6;5;5;5;5;5;6;6;5;5;5
10443B83-A89A-43C4-AE01-3B24C5B07239;10;10;9;9;10;9;9;9;9;10;9;9;7;9;6
E6B8527A-DA98-4C39-8EAE-4AEF6216F080;10;10;10;9;10;10;10;10;10;10;10;10;10;10;10
0413A1D9-A802-436F-8708-1157348EAB5E;2;1;1;2;1;4;1;1;5;1;4;3;1;1;null
3B86A9E6-4642-4295-B1F5-48640B18FDC3;9;9;7;8;6;7;8;6;8;1;9;7;8;8;6
BBA79327-FC66-46FB-9316-87521D7FB334;null;null;2;2;2;2;3;3;3;3;3;3;4;4;4
3FC15A7D-23E2-4D6F-B2D0-E9BD2B515DD6;9;9;9;9;9;10;9;9;9;9;9;10;9;10;10
D36F42E3-DA39-47EE-A280-ACA36945001E;2;4;9;9;4;4;9;9;9;9;9;9;9;9;8
A149C2FA-1D49-485B-839E-0B1C9A174E9A;6;10;9;7;8;9;9;9;8;8;9;9;9;9;8
065F4EE5-270E-4564-A12A-671C0F0FE39F;3;3;4;4;4;4;4;4;5;5;5;5;4;4;4
ED461FCA-58AA-4E38-AF37-7E950471ABD2;10;10;10;6;8;10;10;10;10;10;10;10;10;10;10
8F18733B-60FB-4C0D-A39D-5770BFFE803C;5;5;5;4;4;4;4;4;5;5;4;4;4;4;4
59C70F64-93A4-4094-8EC9-8223C248DB37;9;7;8;8;10;7;10;7;9;9;10;10;10;8;8
24F94482-4390-4229-9359-5B5CF8DBF84C;4;5;2;3;7;8;9;7;9;10;8;8;8;8;4
70A746B1-04BA-43FB-92FE-C0351572FE9C;2;2;4;4;4;4;4;4;4;4;4;4;4;4;4
606456F2-D138-473D-8A4B-10914693FF78;1;3;3;2;4;3;8;6;6;4;4;4;1;4;4
30249F2D-2DF5-4DB6-9AC8-9DD6176D80B6;7;3;3;5;4;4;4;4;4;5;2;6;3;2;2
EB3DE5AF-2756-4DDA-98D9-A26202A6864C;3;3;4;1;2;3;2;3;2;2;2;2;2;2;3
47511612-9211-4171-8346-468FBEF037B4;6;3;8;3;8;3;6;8;6;9;9;7;8;5;6
05112F0F-594A-4591-AD25-A7C6BF329387;7;7;6;3;5;8;9;6;5;5;5;5;6;3;3
EC6F55D4-DB98-4179-B44D-444699EF7C98;4;4;3;3;2;2;7;3;4;3;8;8;3;5;4
3C47F135-A499-4EDF-8F11-018A5890741C;5;5;5;8;4;6;3;6;6;7;3;5;7;2;7
F11320ED-94E2-4012-B2F7-2AFB2B92DCC2;4;3;3;2;5;2;7;3;3;6;8;5;4;4;5
1B73153E-D93F-46C0-991E-C7A66D1FEF0B;5;5;4;3;4;3;3;3;3;2;3;3;3;3;2
974E02ED-9C86-46C8-8DD5-124822D77FDA;1;1;3;3;3;3;3;3;3;4;3;3;3;3;3
EF221A4B-763B-42DB-88D3-04D22DFF466D;8;10;8;8;9;6;6;7;6;9;9;8;6;9;10
5B11A338-A481-4640-807D-ABFE8EEDA925;5;8;8;6;8;8;8;8;6;9;9;9;6;9;8
B94E64B4-36CD-4CCD-B308-1129570AACDD;4;10;10;10;8;10;10;10;10;5;10;10;10;7;5
5AF25803-6BFE-4960-8908-3E0A72A4AC13;4;10;8;8;7;7;10;8;8;6;7;7;7;5;6
334EA678-A4BD-4AFA-9CAE-749B4234C7FD;1;10;10;2;10;10;10;10;10;10;10;10;10;1;10
0F2BF0B2-EBB1-4BDF-AFEE-EE6103DB86EF;9;10;10;10;10;10;10;10;10;10;10;10;3;10;10
D41A2BD3-7875-449D-B790-7B949584D165;5;5;5;5;5;5;5;5;5;5;5;5;5;5;5
92C037A6-8D58-4764-A563-5A6C211244E5;8;8;8;8;8;8;8;8;8;8;8;8;8;8;8
D07AA255-0874-4E9D-9C8F-359E3C5FE804;5;7;6;6;7;7;5;8;5;3;5;8;2;null;4
059E2A9A-6DB9-4084-AD78-7D5CEF7F8512;2;5;3;2;3;1;9;1;1;2;1;1;1;2;2
93CECB17-9122-48DD-BDB4-9C2D39957A10;5;5;5;5;5;5;5;5;5;5;5;5;5;5;5
78732DC1-6312-4A77-BC08-9DF4540D00ED;null;null;1;1;2;1;1;1;1;1;1;1;1;1;1
AA26D5CB-E08F-4F62-9B5A-59277A5C3FB2;5;8;6;4;4;6;4;2;2;null;null;2;null;null;null
0EB4D72F-1360-4EE0-A7D2-B844C60A8BA2;7;7;7;7;7;7;7;7;7;7;7;7;7;7;7
D055E4BE-EDC9-4CE9-98B6-C219429375B5;10;10;10;10;10;10;10;10;9;8;7;7;8;8;5
CEA39488-5A20-461B-9ECD-B4FA7DA6280D;4;8;3;6;7;3;5;7;9;8;9;9;7;8;7
404FDC46-6BC1-427E-B281-B2D473A8C51E;null;8;8;1;3;5;9;9;4;9;9;4;9;9;8
77071B3C-80FA-4A54-8962-F0F8518216DC;5;5;5;5;5;6;5;5;5;5;5;5;5;6;5
61607DD5-FE1B-4013-8A14-1761379311FB;10;10;10;10;10;10;10;10;10;10;10;10;10;10;10
9892D5A8-7C33-4048-9C84-7F44783832AC;8;6;6;6;5;7;7;6;7;7;6;7;7;6;6
CEC9FEE7-0C34-43E8-B437-54EA445F2BFB;1;10;10;10;10;10;10;10;10;10;10;10;10;10;10
791442F0-2C14-4F1E-B6B4-D787D68FC4FB;null;2;3;3;3;3;4;5;6;5;7;6;3;1;3
69A5DB88-CB09-4BB1-83C5-B57B7A917856;3;1;5;2;5;5;5;5;4;1;1;3;null;2;2
89237130-BD11-4CD7-AE81-9534E462EE67;4;7;5;10;8;6;10;10;10;8;10;10;7;10;8
F3C137A2-60FE-4D1E-AF7F-DE6366992DF7;2;4;2;1;null;7;4;4;2;1;null;6;4;2;4
9445DCFB-17B9-4A64-BF90-927F5DC6F31B;3;10;10;5;8;2;10;5;5;8;9;7;3;3;10
79BD750C-47BE-4EDB-BB03-6B9BD44C89D7;10;10;9;10;3;5;8;null;null;10;10;10;7;10;10
73BEA481-0425-482E-8675-1E4DCF0918CF;8;7;8;6;8;6;8;8;9;8;9;9;7;7;7
AE1B6E39-9452-4FA9-B23B-DD928BF33315;7;7;5;4;7;7;6;7;8;9;8;7;6;6;7
D7537BC8-8FDF-4997-9D19-C93811A572CB;6;6;6;6;8;8;7;6;7;8;6;7;8;6;7
CDF6D465-723C-4B8B-A615-AA2A18391842;7;6;3;8;10;10;null;4;3;null;5;3;6;7;8
64CA3AED-7460-4E6D-A116-C07C82BBBC73;null;4;3;4;4;3;2;4;3;4;5;4;3;7;4
2F71FCB3-B450-42BA-8E85-0C6300F1530D;2;2;2;6;7;5;4;6;7;7;5;4;2;3;3
956CB71D-CA2C-49D7-A647-B5572BA3163C;6;6;6;6;8;10;10;6;9;9;9;9;9;9;9
19359FAC-ACEE-4971-8744-4D359D840F3B;2;null;2;null;2;null;null;null;null;null;null;null;null;null;null
DFAE30A1-1E75-42A6-A5D2-7EF2380C022D;7;8;7;6;7;7;5;7;8;6;6;7;5;4;3
9D620655-DB54-43AA-9CA3-C4274FD1095F;4;10;8;7;7;7;8;8;8;8;10;10;10;10;10
B6E91BFA-2317-4F15-993C-F751EBD898F5;8;5;5;6;6;3;4;2;3;2;3;4;5;6;6
908CA28F-E064-4476-B291-B3DCF46AAC9D;7;10;7;9;10;10;9;9;9;8;7;9;10;9;10
B990F6AB-9BF1-451A-A5A8-CA11CF07567E;7;7;7;7;7;7;7;7;7;7;7;7;7;7;7
CB559327-19DB-4235-85E4-8E5AEA0CC8AA;2;4;4;7;7;7;8;5;6;8;5;7;6;6;4
09A93B73-683C-4480-B593-7489CA6A41CA;1;2;7;7;7;7;7;7;7;9;9;9;9;9;9
E20AB575-036A-4807-B665-2AA92E2BF880;6;7;7;5;8;8;6;8;7;9;8;8;6;7;5
E60638A0-915E-4AAE-A88E-3F369AB4DA58;5;8;5;5;8;5;8;7;7;7;7;7;5;5;5
8DDE6FB4-1E02-4194-BC55-F8D2E9AD5D3C;4;3;3;4;4;4;5;6;4;4;5;5;5;5;4
E98844CE-E83B-4306-B6B9-D8B2ECAF9C4B;10;10;10;null;10;5;10;10;10;10;10;10;10;10;10
51BF09DD-7410-4532-94EA-C95AD8E1038A;4;4;4;4;4;4;4;4;4;4;4;4;4;4;4
CF1EEECB-EC98-40B1-A0A7-F8E55C688424;6;5;3;4;5;4;4;4;6;4;5;3;7;5;4
A1BC50E0-25AF-4733-954E-C28090B074F0;9;5;5;4;5;5;5;5;5;5;5;5;5;5;5
6CB5ACF1-5CF1-46A5-8ED3-C2A34E31396E;7;7;7;8;9;10;9;10;10;10;9;9;6;7;8
04165D99-762D-41EB-A75D-3AD8E1FB9D4F;4;3;6;3;3;4;6;3;5;3;1;5;4;7;9
F6820823-F1D4-4D48-8878-066C2D89E543;8;7;6;6;7;5;5;4;7;6;6;6;4;5;4
FF77177C-EFEA-463F-947A-99AC30569BA1;5;5;4;4;9;9;8;9;7;9;9;8;7;7;7
DA653F29-D3A4-4B21-9B5B-DDD7A2EFF1C4;null;4;5;null;null;null;null;null;null;null;null;null;null;null;null
3201C632-9834-407A-BE34-C037A0A65F1A;8;9;9;9;8;10;10;9;null;9;8;null;5;9;9
0DB956E4-5E39-4E94-8AD7-165A72F1C47F;4;7;8;6;7;7;7;6;7;6;7;6;7;7;7
F8884916-DC36-4F55-9E7E-8BCDE67B86AB;8;6;5;5;8;4;9;8;5;7;9;6;5;6;6
0E5C0914-DCDC-4829-AE76-6C24D7758706;10;3;3;10;10;6;10;6;10;10;10;10;10;10;10
0BAD9B9A-66C1-4F9D-B74E-9A98CD167893;5;5;5;5;5;4;5;4;4;4;4;4;4;4;4
AFAEF7C5-1772-4BD2-B49E-8CFB8FE8FE76;10;10;10;10;10;10;10;10;10;10;10;10;10;10;10
2A41A300-D36B-48BC-B30C-AC814F8A0FBE;7;7;8;8;8;8;8;8;8;8;8;8;8;8;8
7DFEA849-0149-42C4-905D-B2FDCB7BE1DE;10;10;10;10;10;10;10;10;9;9;10;10;10;10;10
1986F74D-2EB4-450E-A04A-E1FBA12D0C1C;null;5;8;8;8;8;8;8;8;8;4;8;6;8;7
75CD45C5-73D7-4363-BE38-1CDB512EDFF3;8;8;8;8;8;8;8;8;8;8;8;8;8;8;8
9BAA94BA-E958-4CB3-94E5-248C97651C05;5;5;4;4;7;8;7;7;7;7;5;5;6;6;5
0D81E3C4-EBAC-410B-92D3-487EF574CA4F;6;5;5;5;5;3;3;3;3;4;4;3;3;3;3
C92262AF-1A04-43EA-BC4C-72B8D4D2EC98;6;6;6;6;6;6;6;5;5;5;5;5;5;5;5
B85D727F-2C56-4946-92AD-7ECC51E119F0;4;4;4;4;5;5;5;5;5;5;5;5;5;5;5
A01F14B2-3825-4E87-9CF0-04ED6ED91ED9;3;2;1;3;5;2;null;null;null;2;null;null;null;3;null
FCCA0C80-1DED-4B2B-BD83-CD59083DC838;10;10;10;10;10;10;10;10;10;10;10;10;10;10;10
D5F6B624-CCDD-46D7-822B-6011B8EE8770;null;null;2;2;3;3;4;4;4;4;5;5;3;3;3
490719BF-7F3E-4904-BEE6-FF25F2789261;9;9;9;9;9;6;9;9;9;9;9;9;9;9;9
97E49AAF-11EE-4240-A8F2-F7EA157A4F1D;null;null;5;3;3;3;4;4;4;4;4;4;4;4;4
3B63672D-7042-449E-B4B1-7B7F602121E9;1;null;1;1;1;1;10;10;10;10;10;10;10;10;10
03760CF0-F98F-46AC-A1D7-D0B476848199;3;6;7;7;6;6;7;7;7;7;7;7;7;7;7
505C4D98-808B-49C4-A38F-B84E8D38BE80;8;8;8;8;8;8;8;8;8;8;8;8;8;8;8
DDDA0DE3-7CF1-4034-88DA-586B2404DA96;4;7;2;4;7;5;7;4;7;3;3;7;4;4;5
13853620-56C8-4D37-8122-5D73AE4BCF8A;null;null;null;null;null;null;null;null;null;null;null;1;1;1;null
10B5A7AC-96DC-488C-90E4-245978C592C8;4;4;4;4;4;4;4;4;4;8;8;7;7;7;7
4EF6203E-7966-473A-A0E1-3B25AAC1BB81;10;10;10;10;10;10;10;10;10;10;10;10;10;10;10
19846161-453B-4135-8841-E2BEB1AB71E2;3;3;3;3;3;3;3;7;7;7;7;7;7;7;7
FBA8FDE0-62E4-450E-A1BE-968021059396;5;5;5;5;5;5;5;5;5;5;5;5;5;5;5
8BB8D690-6C11-418E-9CBC-E7C0DE5E58FC;10;6;6;10;10;10;10;10;10;10;10;10;10;10;10
47F19881-9FFD-4E24-B445-2E796CAF4B38;9;9;9;9;9;8;10;9;9;10;9;8;9;8;9
9D1647B5-7224-4644-9571-C4A9C63167F6;3;9;5;7;7;6;10;7;7;8;10;10;8;7;8
37090E94-25C6-49C5-B58F-1F0AAD513EA8;7;8;8;8;9;8;8;8;8;7;7;7;7;7;7
4ACE81A3-8CF6-47DC-A0CD-474569760359;8;5;7;5;6;7;6;7;4;6;5;6;4;6;7
E123319B-A464-4E21-BA82-80E19E40D5FD;3;3;3;3;3;3;3;3;3;3;3;3;3;3;3
6F753B59-FF0A-45DA-B16A-DB46C8506E6A;3;7;6;5;4;6;2;3;8;1;7;9;3;6;7
5A56D0C1-0C66-4B71-AA1E-E3E76C5D46B4;7;8;8;7;8;7;8;8;7;7;8;8;8;8;8
B92AE869-2ABF-445F-BB50-0D7A127E1493;8;10;10;5;9;9;10;9;8;10;10;9;9;9;9
0A3C1603-DFD3-4806-A970-91CFA79C3A57;8;7;8;8;9;6;7;6;7;6;8;7;6;8;6
520E891F-53DD-4C3E-BCE1-DEBA02B13270;8;8;8;8;8;8;8;8;8;8;9;10;10;10;6
D63EE460-11B5-4E64-B173-FD2DB64B1045;6;5;10;10;9;9;9;9;9;9;9;9;9;9;9
F7F93B5E-3DEC-4250-93EF-96F64A9D91F0;10;5;3;3;10;10;10;10;10;10;10;10;10;10;10
32C5139F-DC98-48D5-8849-602A15A919ED;5;10;10;2;10;5;10;10;10;10;10;10;10;10;9
1B50591B-A605-4B69-9B2C-9150209FCA1B;4;9;9;9;10;10;10;10;10;10;10;10;10;10;10
188B8E60-2423-40B3-A3A7-15F10B1892B9;8;3;4;5;6;5;5;6;6;7;6;4;4;4;4
3D278FB0-A885-40F2-B793-CB544248CF4F;7;5;2;3;7;4;5;4;6;7;5;5;3;4;4
87E2BB40-2DFF-4210-B86A-AF426FB04B79;6;6;5;5;6;4;5;5;6;6;5;5;4;4;4
8082EB99-83A1-40D5-AF32-88AD9CF23BB7;3;10;8;5;2;3;10;6;5;10;10;10;6;10;10
B2707171-D04F-4DFF-B906-5484F9069869;1;5;5;5;5;5;5;5;3;10;10;10;10;10;10
6FCE3FDF-53DA-4E8A-9F36-43AF955CCD7F;8;8;5;5;7;5;5;5;5;5;5;8;5;6;5
DAF6B101-2B50-447C-87A0-B1BBAAA1CBCE;5;3;6;10;4;3;3;4;4;6;4;9;4;6;6
0BCD260B-8D55-4BB6-B46D-F3377252AC45;10;10;10;10;10;10;10;10;10;10;10;10;10;10;10
D0706AFF-BAD9-4E71-87F9-31D894E1FB6D;6;10;6;4;10;9;7;10;7;10;10;7;3;8;8
05270E6E-F839-4933-B879-7955663451B6;6;6;6;6;6;6;6;6;6;6;6;6;6;6;6
0DD6FD61-9727-4FDE-9537-B222F62A2622;1;10;5;3;4;1;9;3;4;7;9;4;6;6;2
731895D5-D35A-4F7D-8560-C320E711709A;2;7;2;1;7;3;3;1;1;6;5;5;5;2;2
640D03D8-69D1-4E8C-83BE-4CCCA60E320F;null;null;null;null;null;1;1;null;null;null;null;null;null;null;null
EBC40571-2C1F-445A-AD66-43BDE73D7224;7;8;8;8;9;7;9;9;9;10;9;10;8;9;9
96336D44-A141-4BE5-A4FC-084FBB53CD83;5;9;9;9;8;8;9;9;9;8;9;8;9;9;8
86F54F76-40E1-4EC9-8AB4-42D60D23B945;7;9;9;5;9;7;9;6;5;10;10;10;9;9;10
D5491938-5C88-4851-A814-2B0979971D7B;5;4;1;5;2;4;5;3;4;4;4;7;2;7;3
D46AA011-FEE1-4EA2-955F-407CA4B74517;8;9;4;5;6;8;10;8;9;10;5;7;5;4;8
B8E9F1B7-B9B4-4C8A-AC8F-3C695BD27795;8;8;9;9;10;9;8;9;8;8;6;7;7;8;8
6438D44D-FECE-4B0B-95B6-17874697BDEA;4;10;6;6;7;6;5;7;7;9;8;7;7;7;8
04EB982F-DD5A-4F36-A76E-868BF549A300;10;10;10;10;6;10;10;6;6;6;6;6;6;6;6
8747D842-AA3C-4CBA-8C63-22E62CBBC274;5;5;5;4;6;5;5;5;5;5;5;5;4;4;4
E2A5E8FD-94FE-420C-BE9D-2AB0451C7B05;7;8;9;7;8;7;7;7;7;9;8;7;8;7;7
8A60D533-C076-4B21-B6CC-E0D8CF11FA38;3;4;4;4;5;2;7;2;4;5;4;3;4;4;5
9C65C8C5-955B-4600-8A25-D5A7880BF049;null;8;4;2;8;2;10;2;7;7;10;8;5;5;8
66E424FA-90CD-44BA-88AD-C8EF63D94426;6;7;7;7;7;6;7;7;7;7;7;6;6;5;4
56EC039C-B5A2-46DC-89F4-F359D1EF540C;8;8;8;8;8;8;8;8;8;8;8;8;8;8;8
994FA98E-AF0A-4FF9-B417-B44A5C8D2AF7;6;6;6;6;6;6;6;6;6;6;6;6;6;6;6
68503C68-E510-4184-9F2A-5231FC81AD7C;6;10;10;10;9;10;9;9;10;10;10;10;10;10;8
F5D1786F-3F57-49C8-8F04-CB2F84CEAD5F;6;8;6;3;5;4;4;4;4;5;7;6;8;6;6
D5D83B89-604B-41AF-803F-AF2C8A53732D;5;8;5;2;7;6;6;5;4;6;6;5;6;5;6
0355E2D7-6A22-4C29-B370-AEDE58477F56;5;5;5;5;5;5;5;5;5;5;5;5;5;5;5
7DA37F77-4230-4E03-88D0-102CCC6F5B38;4;4;4;4;4;4;4;4;4;4;4;4;4;4;4
CEA53275-210E-40CD-8D05-638099742750;10;10;10;10;10;10;10;10;10;10;10;10;10;10;10
8772EF21-D595-4D6F-AD57-53FBA79B9D8B;6;10;6;3;10;10;10;10;5;10;10;10;10;10;10
33CA289A-0C4C-49F7-860F-7392D16C3E02;1;5;8;9;9;10;6;8;8;6;7;10;10;10;7
3360FAC6-4856-4165-8B4D-2B2C3E1C6C56;3;3;3;8;5;4;3;5;5;6;4;4;3;4;4
C3BBC6FF-1C1E-4751-A6C5-4F64592AEF51;3;3;5;5;3;3;4;6;6;5;4;4;6;5;6
30B05F2F-DB8F-4B1C-863F-B3CC5790F67F;5;8;5;2;8;7;10;2;6;9;9;8;10;9;7
D752E066-2A67-4503-8729-7D0FC74D5970;10;10;10;10;10;10;10;10;10;10;10;10;10;10;10
039D8665-E519-48F3-8DEE-5A02F2074A39;7;8;9;8;8;8;8;7;8;8;7;7;8;10;10
98EFE345-9500-4FE8-B5AF-5A6A9ED1263B;8;8;8;8;8;8;8;8;6;8;7;7;6;8;8
C8369A29-D53F-4989-B985-304FDF50CE3A;5;5;5;5;7;7;7;9;8;9;9;10;9;9;9
EAF4C49E-AFEF-4869-BFE2-FA4C9AB1BDBD;6;5;5;5;5;5;5;5;6;6;6;6;6;5;4
18DBF5DD-67BC-485A-9F90-97E334D46DE8;6;6;6;6;9;8;8;8;8;8;8;8;8;8;9
790130A2-6244-4EC0-9C37-BDEBBE4D7440;8;8;8;8;8;8;8;8;7;8;5;5;5;5;5
68436E11-B042-4D37-88B1-AF43E7474E87;10;10;10;10;10;10;10;10;10;10;10;10;10;10;10
335F3629-1429-4365-8CFD-FC189F040774;1;6;3;1;7;null;9;3;5;6;8;7;10;8;7
15C1E01A-9CF9-41C1-B984-CF35E157B8E6;6;8;10;8;10;10;9;10;9;9;7;6;7;7;5
C14449DB-314A-431B-8FB7-B2D5F54AD4B5;5;8;10;10;8;7;7;7;8;8;5;5;4;5;5
516C6F65-4DE7-477C-8207-B179CE589695;1;null;2;5;8;9;10;5;7;10;10;9;10;5;9
76DB09D6-FDDB-4937-906F-12771C5890CF;3;9;6;6;6;7;7;7;8;9;10;8;8;10;9
F5152979-8571-4206-A49E-FBC5BC7AC003;8;8;6;10;8;10;10;9;8;10;9;10;5;8;1
A36B1368-8F43-4B3A-BFDE-4D3BC4FF2A1A;3;5;5;6;5;5;5;5;5;5;5;2;3;3;4
FD9A9FD3-D6CB-404F-B23C-CEA4617AE5A5;8;7;6;6;6;5;6;7;4;4;6;5;6;6;5
8BAAF964-D106-47F4-A682-F2ED2CCB4FC9;10;9;9;9;9;10;10;9;8;9;8;8;9;8;9
D7748380-1D1A-4976-A998-C3748D2B9A48;4;7;3;null;7;9;10;9;9;8;9;8;9;7;6
6E16B6A7-F615-46C3-839A-363799DF2970;1;4;7;5;2;6;8;2;5;4;7;4;2;4;4
F3B1860A-A409-4F9E-B4E0-38F506AA5821;1;1;1;1;5;3;8;1;5;2;7;5;1;3;1
A14CE4B8-CCE8-4994-9653-E33E4DA310B4;7;7;7;7;7;7;9;7;7;9;9;9;9;9;9
3DA3BC16-21D0-42A5-AD64-CE3E580CB512;10;10;5;10;10;9;10;9;9;9;9;10;10;10;10
57220A62-E89B-4510-BC00-98261AC6A405;10;10;10;10;7;9;7;8;8;9;8;7;8;8;8
088163DA-9AB4-4E26-9868-6D6E4778B8AD;3;4;4;4;9;6;5;3;7;6;7;5;5;8;7
F778294D-8446-41AE-98B6-632747A304BF;4;3;5;5;3;6;7;8;7;7;8;5;6;7;7
FDB4D45D-E0C6-4D32-97C8-2E21EF991EA0;9;9;9;9;9;9;9;9;9;9;9;9;9;9;9
F89D1D74-1B06-4B0D-9613-E9BEDBBEF327;5;7;8;8;7;7;8;7;7;7;7;7;7;7;7
52AB3372-352B-4A94-A4AD-955F78E94FF4;5;6;7;8;9;9;9;5;6;7;9;8;7;7;5
F3F0861B-781E-4BD0-AF4F-C24C8429C4E9;7;8;8;5;9;8;10;10;10;10;10;9;8;10;7
FD5F33C3-5C1B-417D-AED2-D673CF3164E2;5;10;9;10;10;8;10;10;10;10;8;10;9;10;10
BE82692B-78D6-4B07-8064-7BCAFE121E5D;7;8;9;9;8;7;9;9;9;7;8;9;9;9;9
A8546917-9907-449B-9DF5-6FC3BCE1A16A;4;6;6;7;5;5;7;6;5;6;7;8;6;8;6
1E5043BD-407E-4F7C-87FB-A0A07D9F312B;10;10;10;10;10;10;10;10;10;10;10;10;10;10;10
367EB160-6F08-413A-86C6-79CEF499D65D;5;9;8;9;6;9;8;7;9;5;8;4;10;7;7
DF964F66-01DC-473F-9204-EE833D414E16;10;10;10;10;10;10;10;10;10;10;10;10;10;10;10
B0DBD591-A90E-41EE-93D8-2E0591A02C5A;3;7;4;3;5;4;9;5;8;9;9;9;2;4;5
75F7F1CB-0606-4AAD-B2A2-2ED55FA14BDF;10;10;10;10;10;10;10;10;10;10;10;10;10;10;10
583DC7F1-13E5-433C-9A90-8760D459085E;10;10;10;10;10;10;10;10;10;10;10;10;10;10;10
C782E74B-F037-4A68-A734-560555EA276F;1;2;3;2;7;6;9;4;3;9;10;10;10;9;7
A52FD7F6-1D63-446A-98C0-88774F7E38D8;6;10;6;10;5;9;8;10;10;9;8;10;9;7;7
343E5FDB-D2AA-460B-90D7-538BCB868136;5;6;9;10;9;7;10;10;10;10;10;10;9;7;7
90D5CAFF-1E38-4D0E-9C85-BCBCC9271DBE;5;10;10;10;10;10;10;10;10;10;10;10;10;10;10
0D58BDAF-4601-4391-94BE-04BCAD95550E;4;9;10;10;6;5;10;10;7;5;10;10;10;10;10
5909A940-B643-4425-B484-D4149E3769F4;6;9;9;9;9;9;9;9;9;9;9;9;9;9;9
6AB7B8A6-AA75-4906-9D21-1A67F0BE4429;6;5;5;6;5;6;6;7;6;6;5;5;4;5;5
06F58582-63B4-403D-A714-D0B7EFE7A2CD;8;10;10;10;10;9;9;10;10;10;10;9;9;10;9
F9DE66F3-4BF0-4759-AA28-FF4174FABB44;2;6;4;5;6;2;4;7;9;9;5;7;8;4;7
53812ABB-4EBA-4F59-99E1-DF79B2A99B4F;5;4;9;9;10;3;10;10;9;10;10;9;9;8;7
961663AD-B7DB-4297-8B57-49EA6BC89FED;4;5;2;2;5;3;4;4;4;4;5;3;4;4;4
FA4FFF3F-349E-42FC-8840-A3CA7AABBCBB;4;4;4;5;7;6;6;5;5;5;4;5;6;5;6
8DEE841C-4B04-4FEF-829E-39AFFF84F4CC;7;4;8;10;10;10;10;10;10;10;10;10;10;10;10
62F282E8-702C-4081-8CBB-5EF2448ECA95;10;10;9;9;9;9;9;9;9;9;9;10;10;10;10
98391799-D6A8-4B2C-9511-5696C591F8E0;7;9;7;5;10;10;7;6;4;9;7;7;8;8;7
7653A8EB-C2F4-4DD8-80C0-FDEF006FD291;10;10;10;10;10;10;10;10;10;10;10;10;10;10;10
E3B66E57-65CB-4B3E-81C6-39F062C93A10;9;9;9;9;9;9;3;9;9;9;3;9;5;2;1
58A4BEB1-73C9-413F-AAF9-1F16FB0395E3;10;10;10;10;10;10;10;10;null;10;10;10;5;10;10
BB9CF94F-71BD-413A-AFBC-E1AADE0AE678;8;10;10;10;10;10;10;10;10;10;10;10;5;10;7
67E2D1EE-619A-40D3-B676-A8019EB7280C;2;4;4;4;4;4;4;4;4;4;4;4;4;4;4
B8F5F176-57FD-435F-AC9E-3B21DF50DA9D;2;10;10;10;10;10;10;3;10;10;10;10;10;10;10
952770D7-C527-4C94-BFF9-7339F1B5D88C;10;10;10;10;10;10;10;10;10;10;10;10;10;10;10
62C01D24-9424-4B35-8B2D-5C5426DB52EE;8;8;8;8;8;8;8;8;8;8;8;8;8;8;8
C6DFF554-30B3-4FF3-AB2D-858B550DB13A;4;5;5;6;7;6;8;7;5;6;7;8;7;8;8
1F65F83B-2FD2-448A-89A1-5036DC691B0F;6;6;6;6;6;6;6;6;6;6;6;6;6;6;6
3F7D1FD3-A058-4963-9274-50D7A5AFF260;7;9;9;6;9;9;10;7;9;7;5;7;5;5;4
FDB5EAB7-0AF1-4B76-A1FF-90C2D3903580;10;9;9;9;9;8;10;8;10;8;10;9;8;9;10
DDE4BF94-1447-4644-BC1D-4B5E87D66230;7;8;8;8;9;10;10;10;8;7;10;9;8;8;5
4D5C5035-0815-4489-8A5F-71F1078F194F;3;8;6;7;9;5;7;7;5;8;4;8;8;5;8
53285523-2DAD-4D60-8908-BC67D2704E5C;5;2;4;5;7;6;10;10;10;8;5;5;3;3;5
0C3548E0-F6BC-4C12-8063-8FA1A6E91EC6;10;10;10;10;10;10;10;10;10;10;10;10;10;10;10
6ADA7480-D9D4-4D06-81D4-1156231C8071;6;7;6;6;6;7;6;6;7;6;7;6;7;6;6
1CB35B1B-C794-4550-A0A8-D53E6D09A7E5;5;6;2;7;9;6;7;8;7;9;8;8;7;5;5
F098C733-E296-427C-8C2E-D884D09E0520;8;7;8;7;8;6;5;9;5;4;5;4;5;5;4
A01D4AB9-46E0-451C-8237-0998D51BC0DC;6;10;10;10;10;10;10;10;10;10;10;10;10;10;10
DD33F7D1-0367-4E28-90FB-9D13E7E4888E;2;6;8;9;10;6;7;6;6;7;6;7;6;7;6
BF085271-B6EF-4460-B002-A4F8F6721255;10;10;10;10;10;10;10;5;5;10;10;10;10;10;10
C4E1948E-F9D8-43CD-82E5-B5D274F89A92;2;10;3;6;5;2;10;3;5;null;9;10;7;null;null
93138F3D-C92C-4E3F-813A-89BEF9779C8C;6;6;6;7;9;8;8;8;8;8;8;8;8;8;8
4BB37EE2-283B-4A42-925E-2D2D0F7BF157;4;7;7;6;7;4;8;8;7;6;7;4;6;6;6
64B3571C-C2F0-4E05-83B2-96DB6E0BD269;6;2;2;7;4;8;4;2;5;6;4;6;3;5;2
EA3EC75B-DD53-444B-9681-AF8C877C535E;4;5;5;6;5;5;5;6;5;4;5;5;4;5;4
5F707B31-F826-43AE-84AF-FE105C5028C5;8;10;10;10;10;10;10;10;6;9;9;9;9;9;9
6A0ABC7E-761B-49C9-8641-1AE7A982C923;6;9;9;6;6;5;10;10;8;10;10;10;7;10;10
5AFDE35E-0E99-4BD6-8381-2444CA07545C;10;10;10;10;10;10;10;10;10;10;10;10;10;10;10
E8F4B7CA-ABE9-461D-9053-1E59AAB7857E;7;8;7;7;7;7;7;8;7;7;7;7;7;7;7
D29BD424-F1FC-4569-BB82-BDFCD5314633;5;8;5;8;6;7;8;8;6;6;8;8;5;5;6
19EA0ECD-907E-488D-A62E-F2F9FD98BFBF;8;8;8;8;9;9;9;9;8;9;9;6;9;9;5
04CE2A4D-4B23-4C98-9450-0B55321A637A;5;1;1;1;9;9;9;8;8;10;10;10;9;8;9
3DDEF8DE-FC4C-4A78-89BA-F83BCF0FF369;7;9;9;9;8;9;9;9;5;5;5;7;10;9;9
952C8E85-3F0B-42E6-A57A-E9DA4B377D6C;2;6;6;4;5;4;8;7;5;6;9;6;3;4;null
A9F4BAC4-9B26-450E-A8CF-A05C5B9E94EE;4;7;7;9;7;7;10;5;null;7;9;9;6;5;null
8816AC93-FDCA-4C4F-87DB-BFDECD84C9CA;6;5;5;6;5;5;5;3;4;5;4;5;2;2;2
9565000E-56CB-4863-BE15-8B390B41CA84;7;7;7;7;7;7;7;7;7;7;7;7;7;7;7
B8E0EDA0-081C-4C64-88E3-280512C08560;5;5;5;1;5;5;5;5;5;5;5;5;5;5;5
E1DB584B-6BC6-462D-95DB-36099EEBA869;9;10;7;6;10;9;10;8;2;7;9;10;6;10;9
1FCA0D47-A335-4D89-A87F-C4E28463BDDF;10;10;10;10;10;10;10;10;10;10;10;10;10;10;10
C7CD3CF8-82CB-4BFD-AE5A-AB3189A39EA8;5;4;6;7;4;7;6;9;6;6;5;7;7;6;6
D25413E9-2572-44C2-A374-645FBEA7F355;6;7;5;6;5;6;5;6;5;5;10;8;6;7;7
E6D8F17B-7E2B-4160-B493-96962F9B50F1;7;9;6;7;10;10;10;7;7;8;10;10;8;9;7
68634082-3336-444A-B0FB-0B71BB7E5C60;7;9;5;7;10;10;10;7;7;8;10;10;7;9;6
4A20DE14-7A20-4D8F-8F34-1567CE349C04;4;10;3;3;null;3;4;5;5;5;5;5;5;5;5
86D85F52-C8A1-468C-944E-A5134B32A884;3;10;10;4;3;2;2;4;4;6;5;6;6;6;7
B6016796-C808-4556-8A6E-587A63C78F28;5;6;7;10;7;7;6;3;6;6;6;7;8;7;3
1A35025A-AF65-406B-935C-D4DAB3772094;3;6;5;9;7;7;4;7;6;6;5;7;6;3;4
E1C15F69-4D49-4214-A738-8C1325A553E4;4;4;4;4;4;4;4;4;4;4;4;4;4;4;4
3B5EC60C-73CE-46AF-80C0-BC6B31FFFA10;7;6;8;10;8;9;10;10;10;10;10;10;5;7;7
D0D3F369-1034-441B-AEBF-EE68352B34EC;4;4;4;4;4;4;4;4;4;4;4;4;4;4;4
8345A46B-213B-4D3C-80AC-C25EE9941DB2;5;4;4;5;7;8;5;3;3;4;6;6;6;7;6
E9A524DD-251E-4573-9D91-0DC9F9D2FD87;2;null;2;1;5;4;3;4;3;4;1;2;2;4;4
42332D1E-456C-45DF-A108-71671E7003FB;2;4;4;10;10;10;7;8;9;9;8;8;8;10;10
5AB7C2FE-DE3E-4530-8D89-087BE9810013;7;6;5;5;7;7;6;6;6;6;6;7;8;8;8
A9A288D8-D925-4533-874D-B77CD653A79E;3;8;7;8;10;7;10;4;7;2;9;9;8;8;7
4C0D434D-39D5-4FBD-817F-61CC26FA4E9E;5;9;10;8;8;8;9;9;9;9;10;9;10;6;8
171027E9-B90E-4CA0-B5EE-345EA63ECF48;6;8;8;10;9;7;10;10;10;10;10;10;9;10;10
F4A045F0-CE84-4EB8-BA18-65DB84C1A2EC;9;9;9;9;9;9;9;9;9;9;9;9;9;9;9
8333D1DA-78C6-4F6A-B35E-E6C63748A91D;2;8;8;2;9;2;1;3;7;10;6;9;8;9;9
29B97CF0-80BD-427B-881F-9F9A71326542;3;6;4;1;3;2;6;7;2;7;6;5;1;6;6
DDC05B28-AE2C-4478-A95B-C46B95FB783D;6;9;9;6;8;7;7;8;8;8;8;8;8;8;8
B5D1585B-0EB6-4EF6-88CF-5F8C11A4A5EF;null;4;5;6;4;6;8;6;6;6;6;6;6;6;6
090E9362-FB77-4FDB-8F32-6B0BE5684D69;10;10;10;10;10;10;10;10;10;8;10;10;8;10;9
F8DD98C8-92C5-45DB-9BFA-6B42848054EA;4;8;8;5;8;8;6;7;6;4;9;3;6;7;8
2A37BB92-2A7F-439C-A62D-3DFE58E0E1F1;6;7;7;7;8;8;8;8;8;8;8;8;8;8;8
5084007D-CC70-4240-B9AC-353110A99984;2;2;1;2;1;1;1;2;2;1;1;2;2;2;2
F16612C9-F8B4-4355-95B6-6A747F8521E7;5;2;5;5;6;4;6;7;5;10;8;9;9;10;10
FB6D3474-8EBA-45B8-BA77-85612FE64AE9;2;4;4;3;4;4;7;4;4;5;6;5;4;5;5
D039F2DD-90D0-495C-9D27-66B081FD24C8;null;10;5;1;8;1;10;1;null;9;1;1;1;1;1
89693D61-437E-443E-A0A8-64C1398655CC;4;8;9;3;5;3;5;3;7;4;10;6;1;9;4
19CD9570-0B12-4E2C-9C1C-E02985F43DE9;9;9;9;9;9;9;9;9;9;9;9;9;9;9;9
EDDB2333-E6EE-4F0B-A49B-FA4E89D12E87;6;6;9;9;9;9;9;9;9;10;9;10;6;5;6
194981DD-F1D0-4451-A0E7-5E6D09691382;4;10;10;7;10;3;10;10;10;10;10;8;6;5;5
98451ACF-FB67-45C4-B890-010E3F5F10A7;5;5;1;1;8;7;10;8;10;8;10;10;10;10;10
5CB5C8F2-16A6-4B67-8FC4-D70B72EA7A19;7;5;6;6;8;7;9;9;9;9;9;8;5;6;7
1B2EF6E1-F030-4249-8087-E193974B4639;10;10;10;9;7;8;8;8;8;8;8;8;6;7;7
33289655-4444-480D-831F-90699FB79F63;10;9;10;9;10;9;10;9;10;9;10;9;10;9;10
47333719-D1DA-4361-ADBF-BCA2BA28CA8A;10;10;10;10;10;9;10;10;8;9;10;10;10;9;10
D2098D0D-3592-4568-AAC2-81D5A6C1AA2A;6;8;8;7;7;8;9;8;8;8;9;10;9;9;8
64633338-E1CE-45DC-9E04-D5B85D85B199;10;10;10;10;10;9;9;9;9;9;9;9;9;9;9
5CA02EDE-A659-4E65-9D59-B3C430195034;1;10;null;1;null;null;10;null;null;null;null;null;null;null;null
F3AFD2A2-97C8-4CA3-940E-35B297E97311;8;8;6;7;9;9;9;8;null;8;9;9;7;9;null
D7917BEB-47D7-431D-A004-429763BBD431;2;1;2;10;10;3;5;3;2;1;1;6;10;10;10
0F34253F-4000-40FF-BAB2-A5136BA419EA;7;null;1;7;7;5;3;null;4;10;10;6;2;2;7
20204FC3-1E97-4787-9E04-4A399F954A27;9;2;1;3;2;8;8;8;10;10;10;10;10;10;10
3E2123B8-9ADA-417D-A767-D693BD3F7392;8;10;9;10;9;10;10;9;8;10;10;10;10;10;10
DC8F4BD2-442B-4634-A6B3-6FD886073684;8;8;8;8;8;8;8;8;8;8;8;8;8;8;8
0A3D7D68-25BF-4B1F-9A13-8C2603335F64;7;7;7;7;7;7;7;7;7;7;7;8;7;4;7
EA1808DD-ACB2-421B-A9F6-35FE50C78834;6;7;7;8;7;8;8;8;7;8;8;8;7;8;7
61B0200A-19C6-49E9-9B5B-A7A4D06394EE;8;6;7;7;6;7;6;7;7;6;6;6;3;4;4
57A58607-4532-4924-A2F2-BD11DCD22640;7;7;9;8;10;9;7;7;5;7;6;7;8;7;6
95290134-2DC8-4341-9E26-DF18E1E7EBC7;8;9;10;9;8;10;9;9;10;9;9;9;9;9;9
36C9919E-3F8A-41DC-BF48-CB15D22D77C1;7;7;7;7;5;4;2;5;6;2;5;1;4;4;4
200460D2-F6D1-499E-A9D6-D02A6408F190;4;4;4;4;4;4;5;3;3;3;3;4;4;4;4
49A6A5AC-53FD-4883-B114-FC600F3E2193;6;4;5;5;5;5;5;5;4;5;5;4;3;5;3
98528AB4-E6D1-4416-8092-DBA3F6EB460D;7;7;7;7;7;6;5;6;7;5;5;6;7;5;3
7874F867-2200-40CB-8A51-5DB4D2EE1C84;5;10;10;5;5;5;7;10;10;10;10;7;5;10;10
21A73A62-8A45-417C-88D0-CFA58D0BBB7A;8;8;8;8;8;8;7;6;5;4;4;4;5;7;2
A645744F-3397-43A3-BF0B-3A9915E97C4F;5;6;5;5;5;5;5;4;5;7;5;4;3;5;6
9F4BB9F4-01DD-4802-8B34-5C2BFA7D738E;8;6;8;7;7;7;7;7;7;7;5;5;3;4;3
981FDBC7-E72F-4DDE-83C9-20FF3423624E;7;7;6;6;6;6;6;6;6;4;4;5;4;3;2
30EA419B-ED33-4ABF-88DE-472DB84CA667;5;5;4;3;7;5;7;6;6;9;10;8;4;5;3
678C04F6-D7BF-4888-8202-CDAF4AAD2A16;6;6;7;6;8;9;7;8;7;8;7;8;7;8;7
93174543-D5B0-4490-906D-02F405E5FEB7;8;5;7;5;9;8;7;6;6;5;8;7;8;8;7
B89CDBF9-DD5D-48C6-B174-5D78A96291D5;5;4;10;10;10;10;10;10;10;10;10;10;10;10;10
9684A7CF-0F20-46FC-AD5B-03D7F7E60E64;null;null;null;null;4;null;10;3;10;null;10;4;null;10;4
31E195ED-875C-4469-9D29-AED4148670BA;10;10;10;10;10;10;10;10;10;10;10;10;10;10;10
227210CA-6583-438E-A7DE-EF29A98F078C;1;2;2;1;1;1;1;1;1;1;1;1;1;1;1
FB831E55-1381-4BB6-9319-A9AA3601403B;9;6;7;7;6;7;7;7;7;7;7;7;3;7;3
92731B9A-1624-47BD-A856-B13F2CDBCC2D;9;8;8;8;8;8;9;9;8;9;9;9;9;9;8
13984E27-68F9-40DD-8396-E9E87440CE21;8;9;8;8;8;8;8;8;8;8;8;8;8;8;8
175104D1-86E7-4482-8996-9A96ED726A8D;10;10;10;10;10;10;10;10;10;10;10;10;10;10;10
